1,5.746850967407227,8,1 
1,6.126938104629517,8,1 
1,5.930855592091878,8,1 
1,6.2510570883750916,8,1 
1,5.3247767925262455,8,1 
1,5.784473180770874,8,1 
1,7.12002614566258,8,1 
1,7.398420095443726,8,1 
2,6.223545074462891,8,1 
2,7.366228699684143,8,1 
2,8.45995314915975,8,1 
2,8.128448128700256,8,1 
2,7.923403072357178,8,1 
2,8.175750176111857,8,1 
2,7.249743155070713,8,1 
2,8.566277652978897,8,1 
3,11.236528396606445,1,0.125
3,9.237355788548788,2,0.25
3,8.646928191184998,3,0.375
3,8.6317533493042,4,0.5
3,8.894920905431112,5,0.625
3,8.805595704487391,6,0.75
4,7.206016302108765,1,0.125
4,4.314950466156006,2,0.25
4,5.127774318059285,3,0.375
4,7.62914457321167,4,0.5
4,7.6714967886606855,5,0.625
4,8.075634479522705,6,0.75
4,7.699373781681061,7,0.875
5,9.23369550704956,1,0.125
5,9.796383937199911,2,0.25
5,9.19558835029602,3,0.375
5,7.570431423187256,4,0.5
5,7.23534878094991,5,0.625
5,8.0147844851017,6,0.75
6,10.597224116325378,1,0.125
6,8.670763889948526,2,0.25
6,8.224955260753632,3,0.375
6,8.715739130973816,4,0.5
6,8.404321704592023,5,0.625
6,7.5091394782066345,6,0.75
7,6.386958599090576,1,0.125
7,6.555081248283386,2,0.25
7,5.97425643603007,3,0.375
7,4.758550643920898,4,0.5
7,5.304314088821411,5,0.625
7,5.96617857615153,6,0.75
7,6.045202357428415,7,0.875
7,6.021560490131378,8,1.0
8,5.796080112457275,1,0.125
8,6.176964044570923,2,0.25
8,4.513627529144287,3,0.375
8,6.954246234893799,4,0.5
8,7.6176027570452005,5,0.625
8,7.577452659606934,6,0.75
9,6.853235960006714,1,0.125
9,7.3424519300460815,2,0.25
9,5.270066579182942,3,0.375
9,7.083283996582031,4,0.5
9,7.693791786829631,5,0.625
9,8.37242442369461,6,0.75
10,6.953789710998535,1,0.125
10,4.069063782691956,2,0.25
10,4.685048580169678,3,0.375
10,7.181197738647461,4,0.5
10,7.576092878977458,5,0.625
10,7.440798895699637,6,0.75
10,7.118659406900406,7,0.875
1,5.322957277297974,16,1
1,7.8501375913619995,16,1
1,7.74687663714091,16,1
1,6.045132398605347,16,1
1,6.476056861877441,16,1
1,6.54590900739034,16,1
1,6.501947471073696,16,1
1,6.0740364491939545,16,1
1,6.184833923975627,16,1
1,6.205813407897949,16,1
1,5.786294460296631,16,1
1,5.715566674868266,16,1
1,5.509929326864389,16,1
1,5.550688351903643,16,1
1,5.53328979810079,16,1
1,5.367750719189644,16,1
2,1.0666766166687012,16,1
2,2.9355746507644653,16,1
2,2.6255733966827393,16,1
2,3.3247791528701782,16,1
2,3.955300235748291,16,1
2,4.386709888776143,16,1
2,4.930384533745902,16,1
2,4.919278115034103,16,1
2,5.4403327571021185,16,1
2,5.546454048156738,16,1
2,5.086836468089711,16,1
2,5.15811671813329,16,1
2,5.161338384334858,16,1
2,5.181958607264927,16,1
2,5.545620282491048,16,1
2,5.5965946316719055,16,1
3,1.0868244171142578,1,0.0625
3,3.2740179300308228,2,0.125
3,5.2813175320625305,3,0.1875
3,5.328628349304199,4,0.25
3,4.833328684171041,5,0.3125
3,5.802366405725479,6,0.375
3,5.703235970603095,7,0.4375
3,5.327660918235779,8,0.5
3,5.505838459188288,9,0.5625
3,5.996469901158259,10,0.625
3,5.947905506406512,11,0.6875
3,5.989821736017863,12,0.75
3,5.6556820422410965,13,0.8125
4,1.35384202003479,1,0.0625
4,4.698257207870483,2,0.125
4,4.993377288182576,3,0.1875
4,4.212969243526459,4,0.25
4,4.298433303833008,5,0.3125
4,3.9968848625818887,6,0.375
4,4.158663306917463,7,0.4375
4,3.7311573326587677,8,0.5
4,4.004116455713908,9,0.5625
4,4.231735324859619,10,0.625
4,4.3740972172130235,11,0.6875
4,4.424064079920451,12,0.75
4,5.025271875517709,13,0.8125
4,5.118339379628499,14,0.875
4,5.18677444756031,15,0.9375
5,5.373446702957153,1,0.0625
5,5.967843294143677,2,0.125
5,5.282393932342529,3,0.1875
5,5.451785922050476,4,0.25
5,7.079243838787079,5,0.3125
5,6.422752035988702,6,0.375
5,6.393459796905518,7,0.4375
5,5.945004181428389,8,0.5
5,6.07019646351154,9,0.5625
5,6.100289600236075,10,0.625
5,6.083556429545085,11,0.6875
5,5.738280490040779,12,0.75
6,6.144130706787109,1,0.0625
6,6.301464915275574,2,0.125
6,6.742748737335205,3,0.1875
6,5.30461972951889,4,0.25
6,5.308236837387085,5,0.3125
6,5.233272989590962,6,0.375
6,5.394892317908151,7,0.4375
6,5.086042791604996,8,0.5
6,5.126253048578898,9,0.5625
6,5.262653422355652,10,0.625
6,5.242041826248169,11,0.6875
6,5.215406318505605,12,0.75
6,5.422681129895723,13,0.8125
6,5.7781871318817135,14,0.875
7,4.816409111022949,1,0.0625
7,2.8718035221099854,2,0.125
7,4.072399536768596,3,0.1875
7,3.5608856081962585,4,0.25
7,3.2599640846252442,5,0.3125
7,4.776178087506976,6,0.375
7,4.905123949050903,7,0.4375
7,5.041131973266602,8,0.5
7,5.307697816328569,9,0.5625
7,4.959812899430593,10,0.625
7,5.1667094230651855,11,0.6875
7,5.177441324506487,12,0.75
7,5.25850609143575,13,0.8125
7,5.3121048510074615,14,0.875
8,5.516721487045288,1,0.0625
8,5.531263709068298,2,0.125
8,6.574763119220734,3,0.1875
8,5.6996581077575685,4,0.25
8,5.824742436408997,5,0.3125
8,5.266489505767822,6,0.375
8,5.4463881850242615,7,0.4375
8,5.389607535468207,8,0.5
8,4.907997035980225,9,0.5625
8,5.536414762338002,10,0.625
8,5.5100789070129395,11,0.6875
8,5.507265329360962,12,0.75
8,5.650216563542684,13,0.8125
8,5.3643583953380585,14,0.875
9,1.54483962059021,1,0.0625
9,2.121829867362976,2,0.125
9,3.6015446980794272,3,0.1875
9,5.642123031616211,4,0.25
9,4.901949008305867,5,0.3125
9,4.940030438559396,6,0.375
9,4.5486220717430115,7,0.4375
9,4.774065918392605,8,0.5
9,4.9852203845977785,9,0.5625
9,5.190036101774736,10,0.625
9,5.205733239650726,11,0.6875
9,5.23007161800678,12,0.75
9,5.254152076584952,13,0.8125
9,5.296798165639242,14,0.875
10,5.697851181030273,1,0.0625
10,3.981556495030721,2,0.125
10,4.599159896373749,3,0.1875
10,4.753098869323731,4,0.25
10,4.127647598584493,5,0.3125
10,4.37927906853812,6,0.375
10,4.048844993114471,7,0.4375
10,4.3149614334106445,8,0.5
10,4.427146291732788,9,0.5625
10,4.711481506174261,10,0.625
10,4.858702699343364,11,0.6875
10,4.691570850519033,12,0.75
10,4.91509713445391,13,0.8125
10,4.960457499821981,14,0.875
10,5.013127848505974,15,0.9375
1,11.9591064453125,16,1
1,7.8761225938797,16,1
1,8.690699259440104,16,1
1,8.277751803398132,16,1
1,7.348986482620239,16,1
1,7.041009585062663,16,1
1,7.629110710961478,16,1
1,7.046111226081848,16,1
1,6.594868368572659,16,1
1,6.975031208992005,16,1
1,6.436745080080899,16,1
1,6.5637597640355425,16,1
1,6.384196538191575,16,1
1,6.4433223349707465,16,1
1,6.257203642527262,16,1
1,6.8500508069992065,16,1
2,7.762373447418213,16,1
2,5.6840715408325195,16,1
2,4.499268929163615,16,1
2,5.438463270664215,16,1
2,4.864491558074951,16,1
2,5.394230922063191,16,1
2,4.787388563156128,16,1
2,5.193946599960327,16,1
2,5.39642792277866,16,1
2,5.644735288619995,16,1
2,5.805705308914185,16,1
2,5.5409000515937805,16,1
2,5.830666597072895,16,1
2,5.509502972875323,16,1
2,5.4297820409139,16,1
2,5.144764646887779,16,1
3,2.3163442611694336,1,0.0625
3,1.6440659761428833,2,0.125
3,3.7317489782969155,3,0.1875
3,4.799471080303192,4,0.25
3,5.061467599868775,5,0.3125
3,4.743604779243469,6,0.375
3,5.262700796127319,7,0.4375
3,5.405907392501831,8,0.5
3,5.61146867275238,9,0.5625
3,5.213332609696821,10,0.625
3,5.442979375521342,11,0.6875
3,5.11717442365793,12,0.75
3,4.792643632207598,13,0.8125
3,4.582357597351074,14,0.875
3,4.768034964799881,15,0.9375
4,6.793132305145264,1,0.0625
4,7.166146119435628,2,0.125
4,6.094400107860565,3,0.1875
4,5.076868009567261,4,0.25
4,5.400964736938477,5,0.3125
4,5.347123217582703,6,0.375
4,5.868726620307336,7,0.4375
4,5.605294670377459,8,0.5
4,5.4482036908467615,9,0.5625
4,5.181260302662849,10,0.625
5,2.0357236862182617,1,0.0625
5,1.559954047203064,2,0.125
5,1.518951654434204,3,0.1875
5,4.846753120422363,4,0.25
5,4.219939776829311,5,0.3125
5,4.631985157728195,6,0.375
5,5.3133011102676395,7,0.4375
5,4.9977195262908936,8,0.5
5,4.883867462476094,9,0.5625
5,4.600683248960054,10,0.625
5,4.70186402116503,11,0.6875
5,4.611609236399333,12,0.75
5,4.787422105669975,13,0.8125
6,4.8108519315719604,1,0.0625
6,5.443499231338501,2,0.125
6,4.633434176445007,3,0.1875
6,4.181361675262451,4,0.25
6,4.0442235469818115,5,0.3125
6,3.8966384993659124,6,0.375
6,4.223181247711182,7,0.4375
6,4.735289940467248,8,0.5
6,4.464015534945896,9,0.5625
6,4.323518387476603,10,0.625
7,3.0679686069488525,1,0.0625
7,2.3949724435806274,2,0.125
7,4.531616830825806,3,0.1875
7,4.2544095913569135,4,0.25
7,4.578597277402878,5,0.3125
7,4.20487297905816,6,0.375
7,4.156876015663147,7,0.4375
7,3.9796142144636675,8,0.5
7,3.731244762738546,9,0.5625
7,3.9388862389784594,10,0.625
8,1.4938111305236816,1,0.0625
8,3.9466534852981567,2,0.125
8,3.7955148220062256,3,0.1875
8,3.4849433302879333,4,0.25
8,4.69928240776062,5,0.3125
8,4.389350380216326,6,0.375
8,4.405438582102458,7,0.4375
8,4.140598893165588,8,0.5
8,3.8198236985640093,9,0.5625
8,4.060206413269043,10,0.625
8,4.397503897547722,11,0.6875
9,1.1922521591186523,1,0.0625
9,5.392106592655182,2,0.125
9,5.2358558177948,3,0.1875
9,5.5063667562272816,4,0.25
9,5.786885781721636,5,0.3125
9,5.4474272926648455,6,0.375
9,5.09533535517179,7,0.4375
9,4.788633516856602,8,0.5
9,4.860789060592651,9,0.5625
10,0.9497928619384766,1,0.0625
10,2.351539731025696,2,0.125
10,4.672632646560669,3,0.1875
10,4.173570871353149,4,0.25
10,3.790085792541504,5,0.3125
10,3.3717170357704163,6,0.375
10,3.7551290724012585,7,0.4375
10,3.6743621826171875,8,0.5
10,4.604884113584246,9,0.5625
1,0.8515286445617676,16,1
1,1.5055055618286133,16,1
1,3.340095599492391,16,1
1,5.120527803897858,16,1
1,5.623915910720825,16,1
1,4.913051168123881,16,1
1,5.396751165390015,16,1
1,4.840904474258423,16,1
1,5.020322402318318,16,1
1,5.341028094291687,16,1
1,5.617469137365168,16,1
1,5.819915076096852,16,1
1,5.521854529014001,16,1
1,5.283173629215786,16,1
1,5.009359296162923,16,1
1,4.964014410972595,16,1
2,8.54561710357666,16,1
2,8.76193654537201,16,1
2,7.329357862472534,16,1
2,6.414275765419006,16,1
2,5.584013175964356,16,1
2,6.356574654579163,16,1
2,6.772018023899624,16,1
2,6.102104872465134,16,1
2,5.83950040075514,16,1
2,6.0762125730514525,16,1
2,5.726431629874489,16,1
2,6.071699996789296,16,1
2,6.170563734494722,16,1
2,5.849757586206708,16,1
2,6.052252785364787,16,1
2,5.8829185962677,16,1
3,2.6001782417297363,1,0.0625
3,4.789957761764526,2,0.125
3,4.577901363372803,3,0.1875
3,3.8351751804351806,4,0.25
3,4.370974103609721,5,0.3125
3,3.904665095465524,6,0.375
3,4.576429578993055,7,0.4375
3,4.45379228591919,8,0.5
3,4.169288721951571,9,0.5625
3,4.472921947638194,10,0.625
3,4.984386035374233,11,0.6875
3,5.060469895601273,12,0.75
4,5.944320758183797,1,0.0625
4,5.50353080034256,2,0.125
4,5.447489182154338,3,0.1875
4,5.1807553086962015,4,0.25
4,5.358274757862091,5,0.3125
4,5.189547657966614,6,0.375
4,4.934947469017723,7,0.4375
4,4.802289664745331,8,0.5
4,5.300261156899588,9,0.5625
4,5.061361980438233,10,0.625
5,2.585642099380493,1,0.0625
5,3.4048010110855103,2,0.125
5,3.870764672756195,3,0.1875
5,4.3090983629226685,4,0.25
5,3.8287100791931152,5,0.3125
5,4.028388341267903,6,0.375
5,5.047239046830398,7,0.4375
5,5.142583642687116,8,0.5
5,5.388880014419556,9,0.5625
6,7.883833646774292,1,0.0625
6,6.319705486297607,2,0.125
6,5.199225234985351,3,0.1875
6,4.483305335044861,4,0.25
6,4.1157138007027765,5,0.3125
6,3.7798319160938263,6,0.375
6,4.574719017202204,7,0.4375
6,4.69429886341095,8,0.5
6,5.450461355845134,9,0.5625
6,5.250590369105339,10,0.625
7,7.677524089813232,1,0.0625
7,4.372941493988037,2,0.125
7,5.326606194178264,3,0.1875
7,4.592357695102692,4,0.25
7,3.880092239379883,5,0.3125
7,5.265838772058487,6,0.375
7,5.2740971326828,7,0.4375
7,4.865250045602972,8,0.5
7,4.558781127134959,9,0.5625
7,4.707665406740629,10,0.625
7,4.907298309462411,11,0.6875
7,4.620340585708618,12,0.75
7,4.492523983120918,13,0.8125
8,6.378667116165161,1,0.0625
8,5.615334093570709,2,0.125
8,4.788040208816528,3,0.1875
8,5.704454869031906,4,0.25
8,5.188223944769965,5,0.3125
8,4.771656394004822,6,0.375
8,4.551535324616865,7,0.4375
8,4.26602303981781,8,0.5
8,4.3602993828909735,9,0.5625
9,6.496108293533325,1,0.0625
9,4.85966157913208,2,0.125
9,3.8419014612833657,3,0.1875
9,3.20753675699234,4,0.25
9,4.286958251680646,5,0.3125
9,5.055100785361396,6,0.375
9,4.740393137931823,7,0.4375
9,4.4106784083626485,8,0.5
9,4.123401701450348,9,0.5625
9,3.9630806079277625,10,0.625
9,4.388491074244182,11,0.6875
10,6.443985939025879,1,0.0625
10,5.856840531031291,2,0.125
10,4.688321948051453,3,0.1875
10,4.070407724380493,4,0.25
10,4.4287019457135886,5,0.3125
10,4.1480288207530975,6,0.375
10,3.980517625808716,7,0.4375
10,4.239576469768178,8,0.5
10,4.3118953338036174,9,0.5625
10,4.233781014169965,10,0.625
1,6.725215911865234,16,1
1,6.7864954471588135,16,1
1,6.9156248569488525,16,1
1,7.065274119377136,16,1
1,7.383572387695312,16,1
1,6.244403839111328,16,1
1,5.6990022999899725,16,1
1,5.1359836757183075,16,1
1,5.3275538550482855,16,1
1,5.206071782112121,16,1
1,4.864657575433904,16,1
1,4.6435286204020185,16,1
1,4.522515113537128,16,1
1,4.867799384253366,16,1
1,5.331420167287191,16,1
1,5.239646136760712,16,1
2,1.2702202796936035,16,1
2,4.796210527420044,16,1
2,4.198256095250447,16,1
2,3.752315878868103,16,1
2,4.814396476745605,16,1
2,4.245166381200154,16,1
2,3.8052428449903215,16,1
2,3.4315637350082397,16,1
2,3.427634106742011,16,1
2,4.109855651855469,16,1
2,4.44525822726163,16,1
2,4.183963437875112,16,1
2,4.370679103411161,16,1
2,4.618302634784153,16,1
2,4.494789457321167,16,1
2,4.661399200558662,16,1
3,5.05946147441864,1,0.0625
3,3.9016199906667075,2,0.125
3,3.2633568048477173,3,0.1875
3,2.729647159576416,4,0.25
3,2.6577895085016885,5,0.3125
3,2.4143997601100375,6,0.375
3,3.0173400938510895,7,0.4375
3,3.0630155669318304,8,0.5
3,3.7707387804985046,9,0.5625
3,3.965636290036715,10,0.625
3,4.442040173212687,11,0.6875
3,4.359253510832787,12,0.75
4,6.379885196685791,1,0.0625
4,4.548892974853516,2,0.125
4,5.240711867809296,3,0.1875
4,5.3405552705128985,4,0.25
4,4.679342882973807,5,0.3125
4,4.332591950893402,6,0.375
4,4.119212998284234,7,0.4375
4,4.026961493492126,8,0.5
4,4.576275238623986,9,0.5625
4,4.691260719299317,10,0.625
5,5.183989763259888,1,0.0625
5,3.6407395203908286,2,0.125
5,2.9976091980934143,3,0.1875
5,2.718404245376587,4,0.25
5,2.816677530606588,5,0.3125
5,2.5438646589006697,6,0.375
5,3.116306245326996,7,0.4375
5,3.5829571617974176,8,0.5
5,3.557197618484497,9,0.5625
5,4.665342019154475,10,0.625
5,4.624933055468968,11,0.6875
5,4.805450767278671,12,0.75
6,3.6098575592041016,1,0.0625
6,4.044942378997803,2,0.125
6,4.591923296451569,3,0.1875
6,4.731541911760966,4,0.25
6,4.53713812146868,5,0.3125
6,4.340003669261932,6,0.375
6,3.9533703327178955,7,0.4375
6,4.1701921939849855,8,0.5
6,3.946085908196189,9,0.5625
6,4.2324932643345425,10,0.625
6,4.244863897562027,11,0.6875
7,1.2003509998321533,1,0.0625
7,1.74565589427948,2,0.125
7,2.810046970844269,3,0.1875
7,2.6211868286132813,4,0.25
7,3.2022860731397356,5,0.3125
7,4.119516658782959,6,0.375
7,5.151455577214559,7,0.4375
7,4.895193874835968,8,0.5
8,6.537380695343018,1,0.0625
8,4.020204782485962,2,0.125
8,5.423789083957672,3,0.1875
8,6.023131098066058,4,0.25
8,6.168535828590393,5,0.3125
8,6.27745525042216,6,0.375
8,5.816774034500122,7,0.4375
8,5.909371932347615,8,0.5
8,5.749484043854934,9,0.5625
8,5.468796014785767,10,0.625
8,5.385460361838341,11,0.6875
9,3.1127171516418457,1,0.0625
9,5.085527777671814,2,0.125
9,3.730771859486898,3,0.1875
9,4.220726585388183,4,0.25
9,4.094814260800679,5,0.3125
9,3.587120771408081,6,0.375
9,3.5301430225372314,7,0.4375
9,3.9618534803390504,8,0.5
9,4.2034736113114795,9,0.5625
9,3.9776381850242615,10,0.625
9,4.26015857549814,11,0.6875
9,4.439452716282436,12,0.75
9,4.650279601414998,13,0.8125
9,4.776167541742325,14,0.875
10,8.532119989395142,1,0.0625
10,6.1321033636728925,2,0.125
10,5.133146226406097,3,0.1875
10,4.375882768630982,4,0.25
10,4.187288800875346,5,0.3125
10,4.65081125497818,6,0.375
10,4.924826463063558,7,0.4375
10,4.749030256271363,8,0.5
10,4.9546404251685505,9,0.5625
10,4.65085540499006,10,0.625
10,4.4345166206359865,11,0.6875
1,7.340725660324097,16,1
1,7.141772031784058,16,1
1,7.384850819905599,16,1
1,5.839934945106506,16,1
1,6.759882307052612,16,1
1,6.072509765625,16,1
1,6.787558317184448,16,1
1,6.108288645744324,16,1
1,5.741012308332655,16,1
1,5.438286471366882,16,1
1,5.675024856220592,16,1
1,6.0045105417569475,16,1
1,6.143271409548246,16,1
1,5.853398816926139,16,1
1,5.50850494702657,16,1
1,5.3350136280059814,16,1
2,6.886937856674194,16,1
2,9.445372223854065,16,1
2,9.34961724281311,16,1
2,8.32656341791153,16,1
2,7.257162094116211,16,1
2,6.611111481984456,16,1
2,6.893770626613072,16,1
2,6.885146528482437,16,1
2,7.034440331988865,16,1
2,7.104258894920349,16,1
2,6.620475573973223,16,1
2,6.123906632264455,16,1
2,5.823787414110624,16,1
2,5.806544882910592,16,1
2,5.486825370788575,16,1
2,5.249373659491539,16,1
3,1.6522736549377441,1,0.0625
3,4.548836588859558,2,0.125
3,5.310724337895711,3,0.1875
3,4.3068461418151855,4,0.25
3,3.872731924057007,5,0.3125
3,4.846054285764694,6,0.375
3,5.136223528120253,7,0.4375
3,5.6574245889981585,8,0.5
3,5.342625874739427,9,0.5625
3,5.519181098256793,10,0.625
3,5.338248443603516,11,0.6875
4,2.194188356399536,1,0.0625
4,2.4684956073760986,2,0.125
4,2.60236390431722,3,0.1875
4,3.9394152760505676,4,0.25
4,3.432315540313721,5,0.3125
4,3.2943613529205322,6,0.375
4,3.7443181446620395,7,0.4375
4,4.294155925512314,8,0.5
4,4.6113257143232556,9,0.5625
4,4.832672262191773,10,0.625
4,5.106698187914762,11,0.6875
4,5.316826939582825,12,0.75
4,5.000824524806096,13,0.8125
4,5.196910347257342,14,0.875
4,5.115572437644005,15,0.9375
5,0.675133466720581,1,0.0625
5,0.8529132604598999,2,0.125
5,5.934088508288066,3,0.1875
5,6.263982743024826,4,0.25
5,5.819412840737237,5,0.3125
5,5.635190942070701,6,0.375
5,5.694224064166729,7,0.4375
5,5.627672878901164,8,0.5
5,5.50702291727066,9,0.5625
6,8.139646410942078,1,0.0625
6,7.98901891708374,2,0.125
6,7.860585331916809,3,0.1875
6,6.847509336471558,4,0.25
6,6.24005647500356,5,0.3125
6,6.147863864898682,6,0.375
6,6.1826767391628685,7,0.4375
6,5.679734086990356,8,0.5
6,5.653417686621348,9,0.5625
6,5.418068317266611,10,0.625
6,5.089723178318569,11,0.6875
6,4.849590269724528,12,0.75
6,4.656396731734276,13,0.8125
7,1.836111307144165,1,0.0625
7,4.580598533153534,2,0.125
7,5.091585125241961,3,0.1875
7,5.003609392378065,4,0.25
7,5.585240949283946,5,0.3125
7,5.4887092510859175,6,0.375
7,5.177990069756141,7,0.4375
7,5.111245972769601,8,0.5
7,5.006986840565999,9,0.5625
8,7.808164119720459,1,0.0625
8,5.3647836446762085,2,0.125
8,6.960233449935913,3,0.1875
8,5.741881465911865,4,0.25
8,5.878286202748616,5,0.3125
8,5.90960231423378,6,0.375
8,6.050157070159912,7,0.4375
8,5.584920001029968,8,0.5
8,5.746493057771162,9,0.5625
8,5.313163220882416,10,0.625
8,5.070966885640071,11,0.6875
8,5.457741419474284,12,0.75
8,5.184177964925766,13,0.8125
9,1.8528285026550293,1,0.0625
9,1.403370976448059,2,0.125
9,3.400872786839803,3,0.1875
9,3.3652144074440002,4,0.25
9,2.787650156021118,5,0.3125
9,3.5846947601863315,6,0.375
9,3.2532914876937866,7,0.4375
9,3.6236265235477023,8,0.5
9,3.5189102411270143,9,0.5625
9,3.297931757840243,10,0.625
9,3.198073228200277,11,0.6875
9,3.4767241844764123,12,0.75
9,4.011794455846151,13,0.8125
9,4.2015480399131775,14,0.875
10,5.589191198348999,1,0.0625
10,6.3122887134552,2,0.125
10,5.8786100660051614,3,0.1875
10,5.411451935768127,4,0.25
10,4.863252931170994,5,0.3125
10,4.622547125816345,6,0.375
10,4.769104301929474,7,0.4375
10,5.35326161980629,8,0.5
1,12.66620135307312,8,1
1,9.80672836303711,8,1
1,11.973612070083618,8,1
1,9.9166060090065,8,1
1,8.504227495193481,8,1
1,8.305079221725464,8,1
1,8.764630215508598,8,1
1,9.223093628883362,8,1
2,8.26468539237976,8,1
2,5.1575257778167725,8,1
2,4.703484058380127,8,1
2,7.022705018520355,8,1
2,6.7394647121429445,8,1
2,7.523899634679158,8,1
2,7.431950296674456,8,1
2,7.784647822380066,8,1
3,9.950281858444214,1,0.125
3,8.4338698387146,2,0.25
3,6.859734535217285,3,0.375
3,7.2231075167655945,4,0.5
3,7.943800020217895,5,0.625
3,8.59682035446167,6,0.75
3,7.69037972177778,7,0.875
3,7.37921205163002,8,1.0
4,7.350015878677368,1,0.125
4,8.543078263600668,2,0.25
4,8.68477005958557,3,0.375
4,8.67536997795105,4,0.5
4,7.731080157416208,5,0.625
5,7.604436635971069,1,0.125
5,8.412529706954956,2,0.25
5,6.672319332758586,3,0.375
5,5.408722400665283,4,0.5
5,6.343227100372315,5,0.625
5,6.438536167144775,6,0.75
5,7.305008202791214,7,0.875
6,6.851141452789307,1,0.125
6,7.6008793115615845,2,0.25
6,8.386882464090982,3,0.375
6,7.091907024383545,4,0.5
6,8.534659465154013,5,0.625
6,8.61714780330658,6,0.75
7,8.524727582931519,1,0.125
7,5.615678191184998,2,0.25
7,5.33330512046814,3,0.375
7,8.098278760910034,4,0.5
7,8.747419714927673,5,0.625
7,7.755165100097656,6,0.75
7,7.693917959928513,7,0.875
8,7.310816526412964,1,0.125
8,7.881233215332031,2,0.25
8,7.643522580464681,3,0.375
8,8.46007388830185,4,0.5
8,7.269744443893432,5,0.625
8,8.360975401742119,6,0.75
8,7.773210883140564,7,0.875
9,5.066205024719238,1,0.125
9,6.047502279281616,2,0.25
9,7.41884183883667,3,0.375
9,8.221395790576935,4,0.5
9,7.186092805862427,5,0.625
9,7.581141074498494,6,0.75
9,7.447218111583164,7,0.875
9,7.288269937038422,8,1.0
10,7.0245479345321655,1,0.125
10,8.175634463628134,2,0.25
10,6.902331233024597,3,0.375
10,6.538415861129761,4,0.5
10,6.4899178345998125,5,0.625
10,6.625955990382603,6,0.75
10,6.626621723175049,7,0.875
1,10.256893396377563,8,1
1,6.703273177146912,8,1
1,7.948266267776489,8,1
1,9.721338152885437,8,1
1,9.192056465148926,8,1
1,9.15182646115621,8,1
1,9.259203740528651,8,1
1,9.541918367147446,8,1
2,12.432425022125244,8,1
2,7.343953847885132,8,1
2,10.03667132059733,8,1
2,9.390484869480133,8,1
2,9.105228710174561,8,1
2,8.153703530629477,8,1
2,8.57944062777928,8,1
2,9.876708984375,8,1
3,9.323143005371094,1,0.125
3,5.730206847190857,2,0.25
3,5.588562568028768,3,0.375
3,6.567363202571869,4,0.5
3,6.6516485691070555,5,0.625
3,7.4094932079315186,6,0.75
3,8.36594843864441,7,0.875
3,8.323927909135818,8,1.0
4,8.745799779891968,1,0.125
4,10.98931590716044,2,0.25
4,11.176625311374664,3,0.375
4,10.877743673324584,4,0.5
4,10.934705376625061,5,0.625
4,9.704373904636928,6,0.75
4,8.875686794519424,7,0.875
5,10.169612526893616,1,0.125
5,10.387479782104492,2,0.25
5,10.611071872711182,3,0.375
5,10.871145963668823,4,0.5
5,10.583760806492396,5,0.625
5,9.700142979621887,6,0.75
6,2.2379863262176514,1,0.125
6,4.633560299873352,2,0.25
6,7.641178210576375,3,0.375
6,8.820428788661957,4,0.5
6,10.838079492251078,5,0.625
6,11.095552171979632,6,0.75
6,10.233492970466614,7,0.875
7,10.154411315917969,1,0.125
7,10.442422866821289,2,0.25
7,11.13368821144104,3,0.375
7,11.71460497379303,4,0.5
7,11.374187111854553,5,0.625
7,10.08281261580331,6,0.75
7,10.33990666270256,7,0.875
8,10.66998815536499,1,0.125
8,6.530894875526428,2,0.25
8,8.810038010279337,3,0.375
8,7.61313259601593,4,0.5
8,7.438441610336303,5,0.625
8,7.650449554125468,6,0.75
8,8.291649682181221,7,0.875
8,8.151995837688446,8,1.0
9,2.2434237003326416,1,0.125
9,8.059708833694458,2,0.25
9,7.728937745094299,3,0.375
9,8.291303348541259,4,0.5
9,7.476520578066508,5,0.625
9,7.960748093468802,6,0.75
9,8.360707223415375,7,0.875
10,11.45794415473938,1,0.125
10,9.319980263710022,2,0.25
10,9.19664740562439,3,0.375
10,7.734221696853638,4,0.5
10,6.652194309234619,5,0.625
10,7.480190555254619,6,0.75
10,8.721139460802078,7,0.875
 [SUMMARY]
INFO :      Run finished 10 round(s) in 266.73s
INFO :          History (loss, distributed):
INFO :                  round 1: 2.3126600758015243
INFO :                  round 2: 2.195481455379405
INFO :                  round 3: 2.100554197696916
INFO :                  round 4: 1.9954296682611414
INFO :                  round 5: 2.058540001461277
INFO :                  round 6: 1.8614629230988176
INFO :                  round 7: 1.8487175720484754
INFO :                  round 8: 1.811679867060074
INFO :                  round 9: 1.7606222835074268
INFO :                  round 10: 1.8637654049058352
INFO :          History (metrics, distributed, evaluate):
INFO :          {' Accuracy ': [(1, 0.0990702789163251),
INFO :                          (2, 0.15605318404478657),
INFO :                          (3, 0.19074277716684995),
INFO :                          (4, 0.2119364190742777),
INFO :                          (5, 0.24512646206138158),
INFO :                          (6, 0.25582325302409276),
INFO :                          (7, 0.28091572528241526),
INFO :                          (8, 0.29211236629011295),
INFO :                          (9, 0.33469959012296313),
INFO :                          (10, 0.28871338598420476)]}


1,5.110653400421143,8,1
1,8.75011944770813,8,1
1,9.153439124425253,8,1
1,9.653989911079407,8,1
1,8.164189338684082,8,1
1,7.310489734013875,8,1
1,8.32815316745213,8,1
1,8.237851917743683,8,1
2,11.530784606933594,8,1
2,8.384975790977478,8,1
2,10.2494269212087,8,1
2,10.52033132314682,8,1
2,8.808201313018799,8,1
2,8.611937681833902,8,1
2,8.002930641174316,8,1
2,8.19856658577919,8,1
3,4.730607509613037,1,0.125
3,5.360421776771545,2,0.25
3,4.450865983963013,3,0.375
3,3.865074872970581,4,0.5
3,4.531834745407105,5,0.625
3,6.0747553280421664,6,0.75
3,6.654952853918076,7,0.875
4,9.339472532272339,1,0.125
4,11.030345916748047,2,0.25
4,10.055788725614548,3,0.375
5,6.775782585144043,1,0.125
5,6.7934547662734985,2,0.25
5,8.164057095845541,3,0.375
5,6.927501320838928,4,0.5
5,8.031500101089478,5,0.625
5,8.254791895548502,6,0.75
5,7.802572965621948,7,0.875
5,8.147902935743332,8,1.0
6,5.407296657562256,1,0.125
6,5.927150130271912,2,0.25
6,8.537244379520416,3,0.375
6,8.97881202697754,4,0.5
6,8.024283130963644,5,0.625
6,8.33649846485683,6,0.75
6,8.131154984235764,7,0.875
7,7.217386722564697,1,0.125
7,4.858643054962158,2,0.25
7,6.62192169825236,3,0.375
7,7.718661308288574,4,0.5
7,7.854444551467895,5,0.625
7,8.551459630330404,6,0.75
7,8.309514965329852,7,0.875
7,7.719579964876175,8,1.0
8,6.801099538803101,1,0.125
8,5.935320019721985,2,0.25
8,7.643214861551921,3,0.375
8,6.430199384689331,4,0.5
8,6.784438276290894,5,0.625
8,6.038911581039429,6,0.75
8,7.503392815589905,7,0.875
9,9.447524666786194,1,0.125
9,7.188620964686076,2,0.25
9,7.172698974609375,3,0.375
9,8.144709746042887,4,0.5
9,8.228591748646327,5,0.625
9,7.683385372161865,6,0.75
10,8.073708295822144,1,0.125
10,9.77024793624878,2,0.25
10,11.046342039108277,3,0.375
10,9.578057328859964,4,0.5
10,9.042400121688843,5,0.625
10,8.784401714801788,6,0.75

 [SUMMARY]
INFO :      Run finished 10 round(s) in 249.71s
INFO :          History (loss, distributed):
INFO :                  round 1: 2.3124674279307484
INFO :                  round 2: 2.1848313895881346
INFO :                  round 3: 2.212707966470309
INFO :                  round 4: 2.2275591997844404
INFO :                  round 5: 1.9422418796892507
INFO :                  round 6: 1.9029283747371757
INFO :                  round 7: 1.8825460321810372
INFO :                  round 8: 1.83151362679476
INFO :                  round 9: 1.974913254071597
INFO :                  round 10: 2.0771770549267297
INFO :          History (metrics, distributed, evaluate):
INFO :          {' Accuracy ': [(1, 0.10276916924922523),
INFO :                          (2, 0.1626512046386084),
INFO :                          (3, 0.17534739578126562),
INFO :                          (4, 0.17884634609617114),
INFO :                          (5, 0.23682895131460563),
INFO :                          (6, 0.22073377986604018),
INFO :                          (7, 0.2804158752374288),
INFO :                          (8, 0.2804158752374288),
INFO :                          (9, 0.28981305608317504),
INFO :                          (10, 0.25362391282615215)]}

1,5.4905877113342285,8,1
1,9.470659732818604,8,1
1,10.396084388097128,8,1
1,9.587795197963715,8,1
1,10.22306523323059,8,1
1,8.836228609085083,8,1
1,8.294317279543195,8,1
1,8.138171017169952,8,1
2,9.00412368774414,8,1
2,8.449117302894592,8,1
2,7.8634763558705645,8,1
2,6.300553917884827,8,1
2,5.583338451385498,8,1
2,6.3172829151153564,8,1
2,7.224369866507394,8,1
2,7.165397197008133,8,1
1,9.486643075942993,8,1
1,6.85227632522583,8,1
1,6.726013819376628,8,1
1,7.362726509571075,8,1
1,8.192466831207275,8,1
1,7.908271590868632,8,1
1,8.130950961794172,8,1
1,8.542634695768356,8,1
2,10.454493522644043,8,1
2,10.491399765014648,8,1
2,8.761617342631022,8,1
2,9.152116239070892,8,1
2,9.405847692489624,8,1
2,8.47615079085032,8,1
2,8.728520120893206,8,1
2,8.32184848189354,8,1
1,3.8386077880859375,8,1
1,6.35878849029541,8,1
1,5.611480792363484,8,1
1,7.077523171901703,8,1
1,8.950083112716674,8,1
1,8.973547021547953,8,1
1,10.034418889454432,8,1
1,10.217195570468903,8,1
2,4.101474285125732,8,1
2,3.961507201194763,8,1
2,4.685611804326375,8,1
2,5.776002526283264,8,1
2,5.3748091697692875,8,1
2,6.381206472714742,8,1
2,6.389533383505685,8,1
2,7.019993722438812,8,1
1,7.56120491027832,4,1
1,7.481049060821533,4,1
1,9.180691401163736,4,1
1,9.966494381427765,4,1
2,7.17014741897583,4,1
2,7.363893747329712,4,1
2,8.991783459981283,4,1
2,9.805324733257294,4,1
1,9.675142765045166,4,1
1,7.073200941085815,4,1
1,7.842295328776042,4,1
1,6.91080105304718,4,1
2,3.3440749645233154,4,1
2,3.3553889989852905,4,1
2,5.088937044143677,4,1
2,5.899330317974091,4,1
1,5.791295051574707,4,1
1,8.3913094997406,4,1
1,9.228944301605225,4,1
1,9.64811497926712,4,1
2,3.5190436840057373,4,1
2,5.57035493850708,4,1
2,6.235355297724406,4,1
2,6.8467923402786255,4,1
3,1.6141703128814697,1,0.05
3,1.7986587285995483,2,0.1
3,2.077714522679647,3,0.15
3,1.8690120577812195,4,0.2
3,2.2569658756256104,5,0.25
3,2.2297008434931436,6,0.3
3,2.52415326663426,7,0.35
3,2.480584740638733,8,0.4
3,2.3281707763671875,9,0.45
3,2.61886203289032,10,0.5
3,2.4336860830133613,11,0.55
4,1.9978678226470947,1,0.05
4,1.5059843063354492,2,0.1
4,2.001252015431722,3,0.15
4,2.0517709851264954,4,0.2
4,2.2311316967010497,5,0.25
4,2.0719618002573648,6,0.3
4,2.0191168785095215,7,0.35
4,1.9227589070796967,8,0.4
5,2.6591010093688965,1,0.05
5,2.3749563694000244,2,0.1
5,2.48759134610494,3,0.15
5,1.9723795652389526,4,0.2
5,1.8715851783752442,5,0.25
5,2.0794383684794107,6,0.3
5,2.017198051725115,7,0.35
5,2.1042579412460327,8,0.4
6,2.855471134185791,1,0.05
6,2.4061063528060913,2,0.1
6,2.210448424021403,3,0.15
6,1.898334562778473,4,0.2
6,2.0131590366363525,5,0.25
6,2.086082379023234,6,0.3
6,1.8933799948011125,7,0.35
6,1.8079676926136017,8,0.4
6,1.6632979445987277,9,0.45
6,1.7391650438308717,10,0.5
7,1.693474292755127,1,0.05
7,1.497086524963379,2,0.1
7,1.3673637708028157,3,0.15
7,1.1550924181938171,4,0.2
7,1.2637741088867187,5,0.25
7,1.368390957514445,6,0.3
7,1.6472124372209822,7,0.35
7,1.8430573344230652,8,0.4
7,1.8651085959540472,9,0.45
7,1.7254332065582276,10,0.5
8,1.4611601829528809,1,0.05
8,1.606461524963379,2,0.1
8,1.7917320728302002,3,0.15
8,1.445661723613739,4,0.2
8,1.3721336364746093,5,0.25
8,1.4040066798528035,6,0.3
8,1.5493292808532715,7,0.35
8,1.4165439903736115,8,0.4
8,1.5486825307210286,9,0.45
8,1.5812338829040526,10,0.5
8,1.6392400914972478,11,0.55
9,2.2781214714050293,1,0.05
9,1.4900202751159668,2,0.1
9,1.553018569946289,3,0.15
9,1.629292607307434,4,0.2
9,1.6228522777557373,5,0.25
9,1.6842602888743083,6,0.3
9,1.4928081716809953,7,0.35
9,1.4085248410701752,8,0.4
9,1.497083716922336,9,0.45
10,1.1613740921020508,1,0.05
10,1.551320195198059,2,0.1
10,1.1561818917592366,3,0.15
10,1.5383924841880798,4,0.2
10,1.6323171615600587,5,0.25
10,1.7147363026936848,6,0.3
10,1.9223763602120536,7,0.35
3,2.3258872032165527,1,0.05
3,1.521096110343933,2,0.1
3,1.6079082489013672,3,0.15
3,1.3221812844276428,4,0.2
3,2.240658092498779,5,0.25
3,2.819467465082804,6,0.3
3,3.290718214852469,7,0.35
3,3.0256440937519073,8,0.4
3,3.3801009390089245,9,0.45
3,3.3516860723495485,10,0.5
3,3.529888543215665,11,0.55
3,3.785310745239258,12,0.6
3,3.633279488636897,13,0.65
3,3.4695687123707364,14,0.7
3,3.6609127203623455,15,0.75
3,3.4564947485923767,16,0.8
4,5.327587604522705,1,0.05
4,2.9389132261276245,2,0.1
4,2.330576181411743,3,0.15
4,3.110434412956238,4,0.2
4,2.877703332901001,5,0.25
4,2.4678770303726196,6,0.3
4,2.4684843676430837,7,0.35
4,2.9122180342674255,8,0.4
4,2.878728495703803,9,0.45
4,3.147390913963318,10,0.5
4,3.121913107958707,11,0.55
4,3.335394104321798,12,0.6
4,3.541148204069871,13,0.65
4,3.3814148732594083,14,0.7
5,2.6403181552886963,1,0.05
5,3.917028546333313,2,0.1
5,3.691384474436442,3,0.15
5,3.061872184276581,4,0.2
5,2.832554340362549,5,0.25
5,2.8737358252207437,6,0.3
5,2.602839469909668,7,0.35
5,2.426384747028351,8,0.4
5,2.7865755558013916,9,0.45
5,2.5838150501251222,10,0.5
5,2.8810266581448642,11,0.55
5,2.801360011100769,12,0.6
5,2.8611708604372463,13,0.65
5,2.857993517603193,14,0.7
6,2.3636586666107178,1,0.05
6,2.688663125038147,2,0.1
6,1.9646583398183186,3,0.15
6,1.7191226482391357,4,0.2
6,2.520122241973877,5,0.25
6,2.2695926427841187,6,0.3
6,2.008740322930472,7,0.35
6,1.943475991487503,8,0.4
6,1.934485011630588,9,0.45
6,1.8886288404464722,10,0.5
6,2.229763399470936,11,0.55
6,2.4881691535313926,12,0.6
7,2.025905132293701,1,0.05
7,2.155574321746826,2,0.1
7,1.8182674249013264,3,0.15
7,1.6590507626533508,4,0.2
7,1.435181474685669,5,0.25
7,2.097659468650818,6,0.3
7,2.189129148210798,7,0.35
7,2.0533303916454315,8,0.4
7,1.9693603780534532,9,0.45
7,1.9361381769180297,10,0.5
7,1.9901058673858643,11,0.55
8,1.3044579029083252,1,0.05
8,1.3471415042877197,2,0.1
8,1.0532583395640056,3,0.15
8,0.9775568246841431,4,0.2
8,1.1432945251464843,5,0.25
8,1.295034368832906,6,0.3
8,1.1978803021567208,7,0.35
8,1.1721258759498596,8,0.4
8,1.2651277912987604,9,0.45
8,1.372819423675537,10,0.5
9,0.48134779930114746,1,0.05
9,1.5729780197143555,2,0.1
9,1.7628953456878662,3,0.15
9,2.1304376125335693,4,0.2
9,1.9125060081481933,5,0.25
9,2.036387244860331,6,0.3
9,2.014960731778826,7,0.35
9,1.836411029100418,8,0.4
9,1.7658430735270183,9,0.45
9,1.6975043296813965,10,0.5
9,1.685285980051214,11,0.55
10,0.5152764320373535,1,0.05
10,1.1778473854064941,2,0.1
10,1.3467543125152588,3,0.15
10,1.713433861732483,4,0.2
10,2.0883803844451903,5,0.25
10,2.1465614239374795,6,0.3
10,2.0832077094486783,7,0.35
10,2.2714217007160187,8,0.4
10,2.1629304620954724,9,0.45
10,1.9967169761657715,10,0.5
3,1.3753266334533691,1,0.05
3,0.9714457988739014,2,0.1
3,2.571549574534098,3,0.15
3,2.429530918598175,4,0.2
3,2.208084154129028,5,0.25
3,2.7132747968037925,6,0.3
3,2.4874421869005476,7,0.35
3,2.5275278091430664,8,0.4
3,2.860115819507175,9,0.45
3,2.7158384323120117,10,0.5
3,3.028669769113714,11,0.55
3,2.8978565335273743,12,0.6
3,3.128684722460233,13,0.65
3,3.3140385150909424,14,0.7
3,3.143058506647746,15,0.75
4,3.3487930297851562,1,0.05
4,4.417780160903931,2,0.1
4,3.6503270467122397,3,0.15
4,3.2057732343673706,4,0.2
4,2.6579475879669188,5,0.25
4,3.1775652964909873,6,0.3
4,3.535050664629255,7,0.35
4,3.2755843102931976,8,0.4
4,3.1976098749372692,9,0.45
4,3.1996007442474363,10,0.5
4,3.0506544329903345,11,0.55
4,3.2374051014582315,12,0.6
5,1.3280646800994873,1,0.05
5,1.8312251567840576,2,0.1
5,2.0148038069407144,3,0.15
5,2.936109185218811,4,0.2
5,2.841398525238037,5,0.25
5,3.290456930796305,6,0.3
5,3.011995383671352,7,0.35
5,2.9356692731380463,8,0.4
5,3.2136116557651095,9,0.45
5,3.15404691696167,10,0.5
5,3.3421730561689897,11,0.55
5,3.212250908215841,12,0.6
5,2.9949675706716685,13,0.65
6,5.51024866104126,1,0.05
6,3.027371406555176,2,0.1
6,2.38965106010437,3,0.15
6,2.114296853542328,4,0.2
6,2.0273108959197996,5,0.25
6,1.7684156894683838,6,0.3
6,1.9320970262799944,7,0.35
6,1.8593228161334991,8,0.4
6,2.0118999746110706,9,0.45
6,2.358491373062134,10,0.5
6,2.61888447674838,11,0.55
6,2.5298388799031577,12,0.6
6,2.550154832693247,13,0.65
7,3.0188148021698,1,0.05
7,2.481036424636841,2,0.1
7,2.4325708548227944,3,0.15
7,2.2875174283981323,4,0.2
7,2.1301549434661866,5,0.25
7,2.246174772580465,6,0.3
7,2.1685992990221297,7,0.35
7,1.9453910887241364,8,0.4
7,1.8469845718807645,9,0.45
8,1.1868510246276855,1,0.05
8,1.2301008701324463,2,0.1
8,1.2236176331837971,3,0.15
8,1.0231528282165527,4,0.2
8,1.4416167259216308,5,0.25
8,1.2746990124384563,6,0.3
8,1.2637638705117362,7,0.35
8,1.409160703420639,8,0.4
8,1.6245418654547796,9,0.45
9,0.9260435104370117,1,0.05
9,1.3823879957199097,2,0.1
9,2.0039987564086914,3,0.15
9,1.8364046216011047,4,0.2
9,1.9313503742218017,5,0.25
9,1.9934756755828857,6,0.3
9,1.9845372949327742,7,0.35
9,1.8050579726696014,8,0.4
9,1.7389605575137668,9,0.45
9,1.8388589859008788,10,0.5
10,1.183276891708374,1,0.05
10,2.059999465942383,2,0.1
10,2.1124110221862793,3,0.15
10,1.9022789001464844,4,0.2
10,1.9097043991088867,5,0.25
10,1.8067001501719158,6,0.3
10,1.620331151144845,7,0.35
3,1.072890281677246,1,0.05
3,1.6631076335906982,2,0.1
3,3.2351993719736734,3,0.15
3,2.796486556529999,4,0.2
3,3.5115002632141112,5,0.25
3,3.1063226461410522,6,0.3
3,2.766329526901245,7,0.35
3,3.1740111708641052,8,0.4
3,3.5442246066199408,9,0.45
3,3.857262682914734,10,0.5
3,3.585009119727395,11,0.55
3,3.780425568421682,12,0.6
3,3.6889936190385084,13,0.65
4,1.7138569355010986,1,0.05
4,2.3098169565200806,2,0.1
4,2.155407746632894,3,0.15
4,3.1259474754333496,4,0.2
4,3.744734191894531,5,0.25
4,3.812271316846212,6,0.3
4,3.447430099759783,7,0.35
4,3.3975366950035095,8,0.4
4,3.0604291492038302,9,0.45
4,3.3834906816482544,10,0.5
4,3.175465627150102,11,0.55
5,1.7266912460327148,1,0.05
5,1.858151912689209,2,0.1
5,2.058272123336792,3,0.15
5,3.048331141471863,4,0.2
5,2.8482246875762938,5,0.25
5,2.6547369956970215,6,0.3
5,2.4791741030556813,7,0.35
5,2.657330632209778,8,0.4
5,2.4638710816701255,9,0.45
5,2.247830867767334,10,0.5
6,2.311570644378662,1,0.05
6,2.1540247201919556,2,0.1
6,2.8914844195048013,3,0.15
6,2.6132113337516785,4,0.2
6,2.3640982627868654,5,0.25
6,2.1178725163141885,6,0.3
6,2.167463915688651,7,0.35
6,2.1131232380867004,8,0.4
6,1.9313538604312472,9,0.45
7,1.462156057357788,1,0.05
7,2.419227957725525,2,0.1
7,2.158511241277059,3,0.15
7,1.703643262386322,4,0.2
7,1.6235765933990478,5,0.25
7,1.8810648520787556,6,0.3
7,1.7875218391418457,7,0.35
7,2.0260709822177887,8,0.4
7,2.067190832561917,9,0.45
7,1.9640524864196778,10,0.5
7,1.9248234141956677,11,0.55
7,1.8138968348503113,12,0.6
8,4.121973752975464,1,0.05
8,2.6841230392456055,2,0.1
8,2.8695823351542153,3,0.15
8,2.2528316378593445,4,0.2
8,1.9854060649871825,5,0.25
8,1.9427340428034465,6,0.3
8,1.902630022593907,7,0.35
8,2.035920739173889,8,0.4
8,2.102309544881185,9,0.45
9,0.6192419528961182,1,0.05
9,0.9085203409194946,2,0.1
9,1.336952527364095,3,0.15
9,1.379376232624054,4,0.2
9,1.2519322395324708,5,0.25
9,1.428256670633952,6,0.3
9,1.8114686693464006,7,0.35
9,1.7480531632900238,8,0.4
9,1.9868253337012396,9,0.45
10,1.1866166591644287,1,0.05
10,1.523039698600769,2,0.1
10,1.9218463102976482,3,0.15
10,2.4354352355003357,4,0.2
10,2.568991279602051,5,0.25
10,2.458437363306681,6,0.3
10,2.2763757705688477,7,0.35
10,2.3793973326683044,8,0.4
10,2.1519382264879017,9,0.45
10,1.9940892219543458,10,0.5
3,1.26645827293396,1,0.05
3,1.518466591835022,2,0.1
3,3.303574323654175,3,0.15
3,2.5556029081344604,4,0.2
3,2.7825148582458494,5,0.25
3,2.8902400732040405,6,0.3
3,2.7573256492614746,7,0.35
3,3.187766194343567,8,0.4
3,3.1465782589382596,9,0.45
3,3.503890371322632,10,0.5
3,3.745905269276012,11,0.55
3,3.554872671763102,12,0.6
4,3.2153491973876953,1,0.05
4,2.139925241470337,2,0.1
4,3.5637890497843423,3,0.15
4,3.249234139919281,4,0.2
4,3.806904935836792,5,0.25
4,3.423852880795797,6,0.3
4,3.85038093158177,7,0.35
4,3.79617577791214,8,0.4
4,3.648125489552816,9,0.45
4,3.3999756813049316,10,0.5
4,3.4084105491638184,11,0.55
4,3.1790444453557334,12,0.6
5,0.6376364231109619,1,0.05
5,0.5124207735061646,2,0.1
5,1.6029398441314697,3,0.15
5,1.6458312273025513,4,0.2
5,1.6616430759429932,5,0.25
5,1.650368332862854,6,0.3
5,1.6024769714900426,7,0.35
5,1.6270338594913483,8,0.4
5,1.8189074728224013,9,0.45
5,1.8374699354171753,10,0.5
5,2.212808999148282,11,0.55
6,2.051483392715454,1,0.05
6,2.569389581680298,2,0.1
6,1.854167143503825,3,0.15
6,2.3152130246162415,4,0.2
6,2.0280789852142336,5,0.25
6,1.9198740720748901,6,0.3
6,1.9105455534798759,7,0.35
6,1.7855374217033386,8,0.4
6,1.8571897082858615,9,0.45
6,2.2374129772186278,10,0.5
7,1.6042616367340088,1,0.05
7,3.0733219385147095,2,0.1
7,2.5796663761138916,3,0.15
7,2.7956321239471436,4,0.2
7,2.7427264213562013,5,0.25
7,2.3674604098002114,6,0.3
7,2.181338276181902,7,0.35
7,2.0346578657627106,8,0.4
7,1.8978097703721788,9,0.45
7,1.9135418653488159,10,0.5
8,1.3040661811828613,1,0.05
8,1.7331268787384033,2,0.1
8,1.9336841901143391,3,0.15
8,2.350110113620758,4,0.2
8,2.523835229873657,5,0.25
8,2.3320051034291587,6,0.3
8,2.1171384879520962,7,0.35
8,2.0786024630069733,8,0.4
9,1.1105542182922363,1,0.05
9,2.091557741165161,2,0.1
9,1.8935825030008953,3,0.15
9,2.24237596988678,4,0.2
9,2.1312289237976074,5,0.25
9,1.8815824588139851,6,0.3
9,1.801147392817906,7,0.35
9,2.0379485487937927,8,0.4
9,1.858032570944892,9,0.45
10,1.8487060070037842,1,0.05
10,2.7481359243392944,2,0.1
10,2.696234385172526,3,0.15
10,2.288374662399292,4,0.2
10,1.994669246673584,5,0.25
10,1.907320459683736,6,0.3
10,1.8420959881373815,7,0.35
10,1.9841421246528625,8,0.4
10,1.805958906809489,9,0.45
10,1.8195668458938599,10,0.5
3,3.2195205688476562,1,0.05
3,2.012384533882141,2,0.1
3,3.75458558400472,3,0.15
3,4.296056866645813,4,0.2
3,4.72094235420227,5,0.25
3,5.1293671528498335,6,0.3
3,5.440599782126291,7,0.35
3,5.5096918642520905,8,0.4
3,5.66927695274353,9,0.45
3,5.145829200744629,10,0.5
3,4.802203763615001,11,0.55
3,4.506499906380971,12,0.6
3,4.434629311928382,13,0.65
3,4.611030731882368,14,0.7
3,4.362215757369995,15,0.75
3,4.21531417965889,16,0.8
3,4.374821859247544,17,0.85
3,4.21280492676629,18,0.9
3,4.16219707539207,19,0.95
3,4.28974404335022,20,1.0
4,6.380014657974243,1,0.05
4,3.814626693725586,2,0.1
4,5.296904563903809,3,0.15
4,5.709602415561676,4,0.2
4,5.998071241378784,5,0.25
4,5.058519204457601,6,0.3
4,5.196994611195156,7,0.35
4,5.012439399957657,8,0.4
4,4.600626919004652,9,0.45
4,4.398283362388611,10,0.5
4,4.639422741803256,11,0.55
4,4.303102771441142,12,0.6
4,4.444877294393686,13,0.65
4,4.194855281284878,14,0.7
4,4.401442543665568,15,0.75
4,4.518141433596611,16,0.8
4,4.434949538286994,17,0.85
4,4.530772500567966,18,0.9
4,4.394158262955515,19,0.95
4,4.49365599155426,20,1.0
5,7.093971490859985,1,0.05
5,7.36008894443512,2,0.1
5,5.632637103398641,3,0.15
5,6.166344106197357,4,0.2
5,5.459989166259765,5,0.25
5,5.066926757494609,6,0.3
5,5.347072158540998,7,0.35
5,4.962696313858032,8,0.4
5,4.56792868508233,9,0.45
5,4.229669857025146,10,0.5
5,4.433692650361494,11,0.55
5,4.1900129318237305,12,0.6
5,4.341084957122803,13,0.65
5,4.123579144477844,14,0.7
5,4.307725159327189,15,0.75
5,4.0640727281570435,16,0.8
5,4.202846092336318,17,0.85
5,4.45218993557824,18,0.9
5,4.300416155865318,19,0.95
5,4.5322539687156675,20,1.0
6,6.060840606689453,1,0.05
6,6.472705125808716,2,0.1
6,7.044723033905029,3,0.15
6,5.646970093250275,4,0.2
6,5.2923479080200195,5,0.25
6,4.912845412890117,6,0.3
6,4.471153054918561,7,0.35
6,3.9487240612506866,8,0.4
6,3.788054042392307,9,0.45
6,4.15612006187439,10,0.5
6,4.395553328774192,11,0.55
6,4.321597198645274,12,0.6
6,4.027963051429162,13,0.65
6,4.202365057809012,14,0.7
6,4.371856133143107,15,0.75
6,4.535179406404495,16,0.8
6,4.631613366744098,17,0.85
6,4.429786072836982,18,0.9
6,4.259081715031674,19,0.95
6,4.122151434421539,20,1.0
7,0.5883409976959229,1,0.05
7,3.5053480863571167,2,0.1
7,2.8266560236612954,3,0.15
7,3.812356173992157,4,0.2
7,4.407635354995728,5,0.25
7,4.236158688863118,6,0.3
7,4.757253170013428,7,0.35
7,5.086457252502441,8,0.4
7,5.232236570782131,9,0.45
7,5.488675308227539,10,0.5
7,5.166126771406694,11,0.55
7,4.878810624281566,12,0.6
7,5.013432227648222,13,0.65
7,4.767486776624407,14,0.7
7,4.566266218821208,15,0.75
7,4.6838429272174835,16,0.8
7,4.669901230755975,17,0.85
7,4.578322516547309,18,0.9
7,4.393309593200684,19,0.95
7,4.573696362972259,20,1.0
8,6.578408479690552,1,0.05
8,3.732388734817505,2,0.1
8,4.6366182168324785,3,0.15
8,3.6986050605773926,4,0.2
8,3.2280182361602785,5,0.25
8,3.114328225453695,6,0.3
8,2.968290771756853,7,0.35
8,2.639667719602585,8,0.4
8,3.092624134487576,9,0.45
8,2.9498629331588746,10,0.5
8,3.368416894565929,11,0.55
8,3.3766759037971497,12,0.6
8,3.649242401123047,13,0.65
8,3.491261158670698,14,0.7
8,3.687885109583537,15,0.75
8,3.8576317876577377,16,0.8
8,4.018127862144919,17,0.85
8,4.1610177755355835,18,0.9
8,4.325138092041016,19,0.95
8,4.266019666194916,20,1.0
9,3.026240587234497,1,0.05
9,5.054683089256287,2,0.1
9,5.575607140858968,3,0.15
9,4.440243422985077,4,0.2
9,4.738481044769287,5,0.25
9,5.128180940945943,6,0.3
9,4.564968926565988,7,0.35
9,4.229475915431976,8,0.4
9,3.9711854457855225,9,0.45
9,3.6128010749816895,10,0.5
9,3.872801282189109,11,0.55
9,3.6207571427027383,12,0.6
9,3.9457228367145243,13,0.65
9,4.203998787062509,14,0.7
9,4.029578955968221,15,0.75
9,4.1740735322237015,16,0.8
9,4.313407687579884,17,0.85
9,4.484281632635328,18,0.9
9,4.616977014039692,19,0.95
9,4.715478789806366,20,1.0
10,5.854875087738037,1,0.05
10,4.435933589935303,2,0.1
10,5.45078722635905,3,0.15
10,4.191237688064575,4,0.2
10,4.701404237747193,5,0.25
10,4.200320442517598,6,0.3
10,3.9762821538107738,7,0.35
10,3.8838959336280823,8,0.4
10,3.530657556321886,9,0.45
10,3.3909698724746704,10,0.5
10,3.4444693435322153,11,0.55
10,3.755525052547455,12,0.6
10,4.095240758015559,13,0.65
10,4.266161135264805,14,0.7
10,4.065618912378947,15,0.75
10,4.249287471175194,16,0.8
10,4.460212609347175,17,0.85
10,4.576812836858961,18,0.9
3,2.317481756210327,1,0.0625
3,1.756855845451355,2,0.125
3,1.4174717267354329,3,0.1875
3,1.8358015418052673,4,0.25
3,1.617354679107666,5,0.3125
3,1.5873648325602214,6,0.375
3,1.4851670265197754,7,0.4375
3,1.3685436844825745,8,0.5
4,0.8618144989013672,1,0.0625
4,1.8326058387756348,2,0.125
4,1.4439852237701416,3,0.1875
4,1.2336804270744324,4,0.25
4,1.2122184753417968,5,0.3125
4,1.3355647325515747,6,0.375
4,1.353334937776838,7,0.4375
4,1.3335341811180115,8,0.5
4,1.3846327198876276,9,0.5625
5,0.9423882961273193,1,0.0625
5,1.0751643180847168,2,0.125
5,1.4790921211242676,3,0.1875
5,1.5500759482383728,4,0.25
5,1.363863468170166,5,0.3125
5,1.3902446428934734,6,0.375
5,1.5000370570591517,7,0.4375
6,0.746619701385498,1,0.0625
6,1.1100146770477295,2,0.125
6,1.1739256381988525,3,0.1875
6,1.4122470021247864,4,0.25
6,1.6286696910858154,5,0.3125
6,1.4667998552322388,6,0.375
6,1.3904921667916434,7,0.4375
6,1.403389722108841,8,0.5
6,1.3353672557406955,9,0.5625
7,1.9680442810058594,1,0.0625
7,1.5453344583511353,2,0.125
7,1.3060428301493328,3,0.1875
7,1.2408847212791443,4,0.25
7,1.2971617698669433,5,0.3125
7,1.1871490081151326,6,0.375
7,1.316131864275251,7,0.4375
7,1.2367550730705261,8,0.5
7,1.336011568705241,9,0.5625
8,1.1503064632415771,1,0.0625
8,1.1417908668518066,2,0.125
8,1.017974058787028,3,0.1875
8,1.2126306891441345,4,0.25
8,1.1063405513763427,5,0.3125
8,1.1217766205469768,6,0.375
9,2.236649990081787,1,0.0625
9,1.512773871421814,2,0.125
9,1.3271900812784831,3,0.1875
9,1.5235718488693237,4,0.25
9,1.4224687099456788,5,0.3125
9,1.473179817199707,6,0.375
9,1.3805537905011858,7,0.4375
9,1.3459657430648804,8,0.5
9,1.2655671172671847,9,0.5625
10,2.13926362991333,1,0.0625
10,1.7262672185897827,2,0.125
10,1.3616941769917805,3,0.1875
10,1.220000684261322,4,0.25
10,1.2704020500183106,5,0.3125
10,1.2416999737421672,6,0.375
10,1.1987043448856898,7,0.4375
3,2.0662283897399902,1,0.0625
3,2.0308783054351807,2,0.125
3,1.515637715657552,3,0.1875
3,1.5860576629638672,4,0.25
3,1.458240270614624,5,0.3125
3,1.4332738320032756,6,0.375
3,1.771827118737357,7,0.4375
3,1.61578169465065,8,0.5
3,1.5162604914771185,9,0.5625
3,1.502264666557312,10,0.625
4,1.4320242404937744,1,0.0625
4,1.347209095954895,2,0.125
4,1.2989604473114014,3,0.1875
4,1.1877712607383728,4,0.25
4,1.5549536228179932,5,0.3125
4,1.4566484689712524,6,0.375
4,1.5606879506792342,7,0.4375
5,1.3708326816558838,1,0.0625
5,1.6047217845916748,2,0.125
5,1.2896037896474202,3,0.1875
5,1.243251919746399,4,0.25
5,1.3703054904937744,5,0.3125
5,1.3953543106714885,6,0.375
5,1.3180289949689592,7,0.4375
5,1.2451439201831818,8,0.5
5,1.2322101593017578,9,0.5625
6,1.948631763458252,1,0.0625
6,1.5881664752960205,2,0.125
6,1.3670812447865803,3,0.1875
6,1.409483015537262,4,0.25
6,1.4287543296813965,5,0.3125
6,1.3488895495732625,6,0.375
6,1.2757502283368791,7,0.4375
6,1.37098890542984,8,0.5
6,1.3127242194281683,9,0.5625
6,1.2331950664520264,10,0.625
7,0.582829475402832,1,0.0625
7,0.5939522981643677,2,0.125
7,0.7257575988769531,3,0.1875
7,0.7312699556350708,4,0.25
7,0.7432785511016846,5,0.3125
7,1.087142825126648,6,0.375
7,1.1947520119803292,7,0.4375
7,1.2461455464363098,8,0.5
8,0.9011967182159424,1,0.0625
8,1.0174342393875122,2,0.125
8,1.5043824513753254,3,0.1875
8,1.4431053400039673,4,0.25
8,1.2777992725372314,5,0.3125
8,1.168403148651123,6,0.375
8,1.12074191229684,7,0.4375
8,1.1533816754817963,8,0.5
9,0.9950358867645264,1,0.0625
9,0.7924689054489136,2,0.125
9,0.9490213394165039,3,0.1875
9,1.0884898900985718,4,0.25
9,1.079355812072754,5,0.3125
9,1.1971773306528728,6,0.375
10,2.061601161956787,1,0.0625
10,1.6511964797973633,2,0.125
10,1.5407885710398357,3,0.1875
10,1.4702370762825012,4,0.25
10,1.3926326274871825,5,0.3125
10,1.3456671635309856,6,0.375
3,0.9851794242858887,1,0.0625
3,1.027087688446045,2,0.125
3,1.0426850318908691,3,0.1875
3,0.9555237889289856,4,0.25
3,1.037672472000122,5,0.3125
3,0.9615994691848755,6,0.375
3,1.1246985026768275,7,0.4375
3,1.274232417345047,8,0.5
3,1.211164739396837,9,0.5625
3,1.2319855451583863,10,0.625
4,1.9700486660003662,1,0.0625
4,1.5592609643936157,2,0.125
4,1.4147037665049236,3,0.1875
4,1.2464882135391235,4,0.25
4,1.1493318557739258,5,0.3125
4,1.1242990096410115,6,0.375
4,1.1099178450448173,7,0.4375
4,1.0660885572433472,8,0.5
5,2.369955062866211,1,0.0625
5,2.6055859327316284,2,0.125
5,2.091837724049886,3,0.1875
5,1.9683460593223572,4,0.25
5,1.8260249137878417,5,0.3125
5,1.866296370824178,6,0.375
5,1.7508794920785087,7,0.4375
5,1.6535142362117767,8,0.5
6,3.3242886066436768,1,0.0625
6,2.392834186553955,2,0.125
6,1.9039758841196697,3,0.1875
6,1.8497403264045715,4,0.25
6,2.0145545959472657,5,0.3125
6,1.8630420764287312,6,0.375
6,1.725625685283116,7,0.4375
7,0.8392536640167236,1,0.0625
7,1.1775641441345215,2,0.125
7,0.9889909426371256,3,0.1875
7,1.311307966709137,4,0.25
7,1.4196587085723877,5,0.3125
7,1.3736680746078491,6,0.375
7,1.3028724193572998,7,0.4375
7,1.3401264250278473,8,0.5
8,1.204106092453003,1,0.0625
8,1.2576006650924683,2,0.125
8,1.7959648768107097,3,0.1875
8,1.5892797708511353,4,0.25
8,1.6311859130859374,5,0.3125
8,1.5126957098642986,6,0.375
8,1.400461026600429,7,0.4375
8,1.4294240772724152,8,0.5
9,2.097965955734253,1,0.0625
9,1.4457701444625854,2,0.125
9,1.4090195496877034,3,0.1875
9,1.3473716974258423,4,0.25
9,1.2570552349090576,5,0.3125
9,1.2975702285766602,6,0.375
9,1.1924657140459334,7,0.4375
9,1.1636205911636353,8,0.5
9,1.1210666232638888,9,0.5625
10,1.186753273010254,1,0.0625
10,1.4151548147201538,2,0.125
10,1.2967311541239421,3,0.1875
10,1.14794260263443,4,0.25
10,1.0838669776916503,5,0.3125
10,1.1148879925409954,6,0.375
10,1.28623594556536,7,0.4375
10,1.2964950501918793,8,0.5
10,1.2447381019592285,9,0.5625
3,4.518823862075806,1,0.16666666666666666
3,7.0916759967803955,2,0.3333333333333333
3,6.141363143920898,3,0.5
3,6.879989564418793,4,0.6666666666666666
3,6.473709392547607,5,0.8333333333333334
4,5.760743618011475,1,0.16666666666666666
4,5.734872579574585,2,0.3333333333333333
4,6.598493417104085,3,0.5
4,7.000983238220215,4,0.6666666666666666
5,4.387255430221558,1,0.16666666666666666
6,4.94829535484314,1,0.16666666666666666
6,5.675522565841675,2,0.3333333333333333
7,3.4345145225524902,1,0.16666666666666666
7,4.329389333724976,2,0.3333333333333333
7,4.333872318267822,3,0.5
8,6.373918533325195,1,0.16666666666666666
8,5.833872079849243,2,0.3333333333333333
8,5.974939505259196,3,0.5
9,7.763292551040649,1,0.16666666666666666
9,6.019879579544067,2,0.3333333333333333
9,6.209102948506673,3,0.5
10,4.448838472366333,1,0.16666666666666666
10,5.612144231796265,2,0.3333333333333333
3,6.252642869949341,1,0.041666666666666664
3,3.5538240671157837,2,0.08333333333333333
3,2.5758602619171143,3,0.125
3,3.4696786403656006,4,0.16666666666666666
3,2.9711238384246825,5,0.20833333333333334
3,2.6595034996668496,6,0.25
3,2.3996057510375977,7,0.2916666666666667
3,2.1801642179489136,8,0.3333333333333333
3,2.0506722132364907,9,0.375
3,1.9139305830001831,10,0.4166666666666667
3,2.2632028839804907,11,0.4583333333333333
3,2.5678030252456665,12,0.5
3,2.8176079163184533,13,0.5416666666666666
3,3.0526260989052907,14,0.5833333333333334
3,2.969697634379069,15,0.625
3,2.8458262979984283,16,0.6666666666666666
3,2.7432230360367718,17,0.7083333333333334
3,2.93276838461558,18,0.75
3,2.870875747580277,19,0.7916666666666666
3,2.7715564012527465,20,0.8333333333333334
3,2.9278797762734547,21,0.875
3,2.834557132287459,22,0.9166666666666666
4,1.022522211074829,1,0.041666666666666664
4,1.6315056085586548,2,0.08333333333333333
4,1.846967061360677,3,0.125
4,1.571167528629303,4,0.16666666666666666
4,1.6054929733276366,5,0.20833333333333334
4,1.5077077150344849,6,0.25
4,1.5104191643851144,7,0.2916666666666667
4,1.4903218448162079,8,0.3333333333333333
4,1.6204467084672716,9,0.375
4,1.557731318473816,10,0.4166666666666667
4,1.499277656728571,11,0.4583333333333333
4,1.4701742728551228,12,0.5
5,1.080815315246582,1,0.041666666666666664
5,1.186058759689331,2,0.08333333333333333
5,1.1674805482228596,3,0.125
5,1.1083927750587463,4,0.16666666666666666
5,1.1091582775115967,5,0.20833333333333334
5,1.0633999903996785,6,0.25
5,1.0231335163116455,7,0.2916666666666667
5,1.0275479853153229,8,0.3333333333333333
5,1.001158634821574,9,0.375
5,1.0084155082702637,10,0.4166666666666667
5,1.0149075768210671,11,0.4583333333333333
5,1.0210356712341309,12,0.5
6,1.1180775165557861,1,0.041666666666666664
6,0.9270483255386353,2,0.08333333333333333
6,1.018569787343343,3,0.125
6,0.9746463894844055,4,0.16666666666666666
6,0.9421514987945556,5,0.20833333333333334
6,0.9091699123382568,6,0.25
6,0.9555329595293317,7,0.2916666666666667
6,0.9894142746925354,8,0.3333333333333333
6,0.9917449421352811,9,0.375
6,1.054939866065979,10,0.4166666666666667
6,1.0150313160636208,11,0.4583333333333333
7,1.203787088394165,1,0.041666666666666664
7,0.9690648317337036,2,0.08333333333333333
7,0.9163108666737875,3,0.125
7,0.9638233184814453,4,0.16666666666666666
7,1.0264400005340577,5,0.20833333333333334
7,0.9779252211252848,6,0.25
7,0.9684410776410785,7,0.2916666666666667
7,0.9938273131847382,8,0.3333333333333333
7,0.9700909720526801,9,0.375
7,0.9438117504119873,10,0.4166666666666667
7,0.9330175139687278,11,0.4583333333333333
7,0.977989117304484,12,0.5
8,1.083928108215332,1,0.041666666666666664
8,0.8845424652099609,2,0.08333333333333333
8,0.8056751092274984,3,0.125
8,0.7748203277587891,4,0.16666666666666666
8,0.7562911510467529,5,0.20833333333333334
8,0.8043310244878134,6,0.25
8,0.7999858515603202,7,0.2916666666666667
8,0.8201104700565338,8,0.3333333333333333
8,0.8219153881072998,9,0.375
8,0.8157162189483642,10,0.4166666666666667
8,0.8479882587086071,11,0.4583333333333333
8,0.8643250664075216,12,0.5
8,0.8655537091768705,13,0.5416666666666666
9,0.7819087505340576,1,0.041666666666666664
9,0.7401503324508667,2,0.08333333333333333
9,0.8218442598978678,3,0.125
9,0.8509632349014282,4,0.16666666666666666
9,0.8935092449188232,5,0.20833333333333334
9,0.8988999525705973,6,0.25
9,0.9132992540087018,7,0.2916666666666667
9,0.9333613514900208,8,0.3333333333333333
9,0.9481491247812907,9,0.375
9,0.9650987386703491,10,0.4166666666666667
9,0.9612421989440918,11,0.4583333333333333
9,0.9461581707000732,12,0.5
9,0.9241179319528433,13,0.5416666666666666
10,0.8359501361846924,1,0.041666666666666664
10,0.7618445158004761,2,0.08333333333333333
10,0.7690924803415934,3,0.125
10,0.8457319140434265,4,0.16666666666666666
10,0.834532642364502,5,0.20833333333333334
10,0.848500649134318,6,0.25
10,0.8884919370923724,7,0.2916666666666667
10,0.9216362535953522,8,0.3333333333333333
10,0.8932236565483941,9,0.375
10,0.9131222724914551,10,0.4166666666666667
10,0.9301087206060236,11,0.4583333333333333
10,0.9088493585586548,12,0.5
10,0.9169394419743464,13,0.5416666666666666
3,1.007655382156372,1,0.041666666666666664
3,0.7848879098892212,2,0.08333333333333333
3,0.8133140405019125,3,0.125
3,0.8086577653884888,4,0.16666666666666666
3,0.8103226661682129,5,0.20833333333333334
3,0.7774493296941122,6,0.25
3,0.8404949733189174,7,0.2916666666666667
3,0.8126262128353119,8,0.3333333333333333
3,0.8169634872012668,9,0.375
3,0.8049735069274903,10,0.4166666666666667
3,0.8067984580993652,11,0.4583333333333333
3,0.828145444393158,12,0.5
3,0.8318575712350699,13,0.5416666666666666
4,0.5714366436004639,1,0.041666666666666664
4,0.6907168626785278,2,0.08333333333333333
4,0.6810384591420492,3,0.125
4,0.7627965211868286,4,0.16666666666666666
4,0.7683288097381592,5,0.20833333333333334
4,0.7686829566955566,6,0.25
4,0.7779032843453544,7,0.2916666666666667
4,0.8106849789619446,8,0.3333333333333333
4,0.8103997177547879,9,0.375
4,0.8152778148651123,10,0.4166666666666667
5,0.6987011432647705,1,0.041666666666666664
5,0.6889051198959351,2,0.08333333333333333
5,0.781912644704183,3,0.125
5,0.7415220141410828,4,0.16666666666666666
5,0.7095224857330322,5,0.20833333333333334
5,0.7139033476511637,6,0.25
5,0.7315433706556048,7,0.2916666666666667
5,0.7641871571540833,8,0.3333333333333333
5,0.7442893981933594,9,0.375
5,0.7393980026245117,10,0.4166666666666667
5,0.7465093569322065,11,0.4583333333333333
6,0.6461672782897949,1,0.041666666666666664
6,0.7318568229675293,2,0.08333333333333333
6,0.7175463835398356,3,0.125
6,0.7113795876502991,4,0.16666666666666666
6,0.7108706951141357,5,0.20833333333333334
6,0.7130311727523804,6,0.25
6,0.7033964565822056,7,0.2916666666666667
6,0.7469068169593811,8,0.3333333333333333
6,0.7286619345347086,9,0.375
6,0.7151168346405029,10,0.4166666666666667
6,0.7482666752555154,11,0.4583333333333333
7,1.0005316734313965,1,0.041666666666666664
7,1.0032081604003906,2,0.08333333333333333
7,0.9861028989156088,3,0.125
7,0.9871798157691956,4,0.16666666666666666
7,0.9732297420501709,5,0.20833333333333334
7,1.0692462921142578,6,0.25
7,1.1277354444776262,7,0.2916666666666667
7,1.1226099133491516,8,0.3333333333333333
7,1.105083703994751,9,0.375
7,1.0951101064682007,10,0.4166666666666667
7,1.1162119995463977,11,0.4583333333333333
7,1.133740484714508,12,0.5
7,1.1463621946481557,13,0.5416666666666666
7,1.139170663697379,14,0.5833333333333334
8,0.8069427013397217,1,0.041666666666666664
8,0.7768436670303345,2,0.08333333333333333
8,0.74176557858785,3,0.125
8,0.7315706014633179,4,0.16666666666666666
8,0.7399805545806885,5,0.20833333333333334
8,0.7704294919967651,6,0.25
8,0.7592957019805908,7,0.2916666666666667
8,0.8352398872375488,8,0.3333333333333333
8,0.8226283921135796,9,0.375
8,0.8061821460723877,10,0.4166666666666667
8,0.8604086095636542,11,0.4583333333333333
9,0.649768590927124,1,0.041666666666666664
9,0.6948460340499878,2,0.08333333333333333
9,0.6936928431193033,3,0.125
9,0.6798288822174072,4,0.16666666666666666
9,0.7182687282562256,5,0.20833333333333334
9,0.7611409823099772,6,0.25
9,0.7524210725511823,7,0.2916666666666667
9,0.7672607004642487,8,0.3333333333333333
9,0.7921433713701036,9,0.375
9,0.8145533561706543,10,0.4166666666666667
9,0.7981778274882924,11,0.4583333333333333
9,0.8152955373128256,12,0.5
10,0.7440128326416016,1,0.041666666666666664
10,0.8955645561218262,2,0.08333333333333333
10,0.8659079869588217,3,0.125
10,0.810343861579895,4,0.16666666666666666
10,0.8632973194122314,5,0.20833333333333334
10,0.8522695302963257,6,0.25
10,0.8379956654139927,7,0.2916666666666667
10,0.8350661993026733,8,0.3333333333333333
10,0.8549565474192301,9,0.375
10,0.8357907295227051,10,0.4166666666666667
10,0.8503837585449219,11,0.4583333333333333
10,0.8447729746500651,12,0.5
10,0.8590141259706937,13,0.5416666666666666
10,0.8513343163899013,14,0.5833333333333334
3,0.8333790302276611,1,0.041666666666666664
3,0.7538988590240479,2,0.08333333333333333
3,0.7594114939371744,3,0.125
3,0.7564413547515869,4,0.16666666666666666
3,0.8819092273712158,5,0.20833333333333334
3,0.9450424909591675,6,0.25
3,0.900695834841047,7,0.2916666666666667
3,0.8682703375816345,8,0.3333333333333333
3,0.8415887090894911,9,0.375
3,0.8748811244964599,10,0.4166666666666667
3,0.9455049471421675,11,0.4583333333333333
3,0.9208220640818278,12,0.5
4,0.7917544841766357,1,0.041666666666666664
4,0.9105648994445801,2,0.08333333333333333
4,0.9566265741984049,3,0.125
4,1.1368100047111511,4,0.16666666666666666
4,1.1492300033569336,5,0.20833333333333334
4,1.214890718460083,6,0.25
4,1.1957841941288538,7,0.2916666666666667
4,1.1891589760780334,8,0.3333333333333333
4,1.1760383711920843,9,0.375
4,1.1493334293365478,10,0.4166666666666667
4,1.1273428960279985,11,0.4583333333333333
4,1.0882724523544312,12,0.5
4,1.1239487758049598,13,0.5416666666666666
4,1.0871282134737288,14,0.5833333333333334
5,1.1385321617126465,1,0.041666666666666664
5,0.9100898504257202,2,0.08333333333333333
5,0.8515148162841797,3,0.125
5,0.8156037330627441,4,0.16666666666666666
5,0.8875971794128418,5,0.20833333333333334
5,0.8464439709981283,6,0.25
5,0.8683709417070661,7,0.2916666666666667
5,0.9180265069007874,8,0.3333333333333333
5,0.9353991084628634,9,0.375
5,0.9045220851898194,10,0.4166666666666667
5,0.8991348743438721,11,0.4583333333333333
6,1.3982818126678467,1,0.041666666666666664
6,1.4599636793136597,2,0.08333333333333333
6,1.1721114317576091,3,0.125
6,1.1879705786705017,4,0.16666666666666666
6,1.1043606281280518,5,0.20833333333333334
6,1.0861611763636272,6,0.25
6,1.1324564729418074,7,0.2916666666666667
6,1.0842596888542175,8,0.3333333333333333
6,1.0491364002227783,9,0.375
6,1.071902346611023,10,0.4166666666666667
6,1.0277206247503108,11,0.4583333333333333
7,0.6618432998657227,1,0.041666666666666664
7,0.7249596118927002,2,0.08333333333333333
7,0.9007894198099772,3,0.125
7,0.8599978089332581,4,0.16666666666666666
7,0.8904288291931153,5,0.20833333333333334
7,0.9872123003005981,6,0.25
7,0.9695727143968854,7,0.2916666666666667
7,0.9536249041557312,8,0.3333333333333333
7,0.9278349346584744,9,0.375
7,0.9199109554290772,10,0.4166666666666667
7,0.9733419201590798,11,0.4583333333333333
7,0.9610414306322733,12,0.5
7,0.9968543602870061,13,0.5416666666666666
8,0.7173385620117188,1,0.041666666666666664
8,0.776118278503418,2,0.08333333333333333
8,0.760283629099528,3,0.125
8,0.8072720766067505,4,0.16666666666666666
8,0.8319332599639893,5,0.20833333333333334
8,0.8119786183039347,6,0.25
8,0.7970367499760219,7,0.2916666666666667
8,0.7950887084007263,8,0.3333333333333333
8,0.7723888556162516,9,0.375
8,0.7696802139282226,10,0.4166666666666667
8,0.7965642755681818,11,0.4583333333333333
8,0.7810093363126119,12,0.5
8,0.8005981628711407,13,0.5416666666666666
9,1.0830347537994385,1,0.041666666666666664
9,0.8456029891967773,2,0.08333333333333333
9,0.7579615116119385,3,0.125
9,0.7521458268165588,4,0.16666666666666666
9,0.7306677818298339,5,0.20833333333333334
9,0.7283878326416016,6,0.25
9,0.7289801665714809,7,0.2916666666666667
9,0.7752429842948914,8,0.3333333333333333
9,0.7601891623602973,9,0.375
9,0.7435029029846192,10,0.4166666666666667
9,0.7447094700553201,11,0.4583333333333333
10,0.7775101661682129,1,0.041666666666666664
10,0.7872322797775269,2,0.08333333333333333
10,0.8402871290842692,3,0.125
10,0.8885037302970886,4,0.16666666666666666
10,0.888288927078247,5,0.20833333333333334
10,0.8364315032958984,6,0.25
10,0.8379983220781598,7,0.2916666666666667
10,0.8165549039840698,8,0.3333333333333333
10,0.8217056062486436,9,0.375
10,0.8363843202590943,10,0.4166666666666667
10,0.8243531097065319,11,0.4583333333333333
3,1.0329952239990234,1,0.041666666666666664
3,0.8803118467330933,2,0.08333333333333333
3,0.8173576990763346,3,0.125
3,0.8147681355476379,4,0.16666666666666666
3,0.8033609867095948,5,0.20833333333333334
3,0.7736039559046427,6,0.25
3,0.7797608034951347,7,0.2916666666666667
3,0.7702643871307373,8,0.3333333333333333
3,0.764793766869439,9,0.375
3,0.7536529779434205,10,0.4166666666666667
3,0.7880916161970659,11,0.4583333333333333
3,0.8077826897303263,12,0.5
4,0.6631865501403809,1,0.041666666666666664
4,0.7463792562484741,2,0.08333333333333333
4,0.7613844871520996,3,0.125
4,0.7817854881286621,4,0.16666666666666666
4,0.7492055416107177,5,0.20833333333333334
4,0.7372925678888956,6,0.25
4,0.8156138147626605,7,0.2916666666666667
4,0.8198621273040771,8,0.3333333333333333
4,0.8117058277130127,9,0.375
4,0.837988018989563,10,0.4166666666666667
4,0.8390554298054088,11,0.4583333333333333
4,0.8733563621838888,12,0.5
5,0.737964391708374,1,0.041666666666666664
5,0.7414129972457886,2,0.08333333333333333
5,0.8142958482106527,3,0.125
5,0.7774776220321655,4,0.16666666666666666
5,0.7402853965759277,5,0.20833333333333334
5,0.7566434542338053,6,0.25
5,0.7531734875270298,7,0.2916666666666667
5,0.7337610125541687,8,0.3333333333333333
5,0.7479183673858643,9,0.375
5,0.7368133544921875,10,0.4166666666666667
5,0.736277471889149,11,0.4583333333333333
6,0.7504806518554688,1,0.041666666666666664
6,0.8770408630371094,2,0.08333333333333333
6,0.8357810974121094,3,0.125
6,0.8115997910499573,4,0.16666666666666666
6,0.796947431564331,5,0.20833333333333334
6,0.7885153293609619,6,0.25
6,0.7817309924534389,7,0.2916666666666667
6,0.8070672750473022,8,0.3333333333333333
6,0.7980857160356309,9,0.375
6,0.7784154891967774,10,0.4166666666666667
6,0.7652843215248801,11,0.4583333333333333
6,0.7615279157956442,12,0.5
6,0.7535918492537278,13,0.5416666666666666
7,0.7201778888702393,1,0.041666666666666664
7,0.853432297706604,2,0.08333333333333333
7,0.831438144048055,3,0.125
7,0.8621887564659119,4,0.16666666666666666
7,0.8464662551879882,5,0.20833333333333334
7,0.8082907994588217,6,0.25
7,0.8050529616219657,7,0.2916666666666667
7,0.7910817563533783,8,0.3333333333333333
7,0.8022886912027994,9,0.375
7,0.8112729787826538,10,0.4166666666666667
7,0.8097246126695112,11,0.4583333333333333
7,0.8050542076428732,12,0.5
8,0.7046864032745361,1,0.041666666666666664
8,0.9698789119720459,2,0.08333333333333333
8,0.8896330197652181,3,0.125
8,0.8739433884620667,4,0.16666666666666666
8,0.8741505146026611,5,0.20833333333333334
8,0.9568231105804443,6,0.25
8,0.9314469269343785,7,0.2916666666666667
8,0.9193382859230042,8,0.3333333333333333
8,0.9115251700083414,9,0.375
9,1.733269214630127,1,0.041666666666666664
9,1.2927532196044922,2,0.08333333333333333
9,1.2715393702189128,3,0.125
9,1.3379374146461487,4,0.16666666666666666
9,1.228312349319458,5,0.20833333333333334
9,1.3267308870951335,6,0.25
9,1.4010207993643624,7,0.2916666666666667
9,1.4796800017356873,8,0.3333333333333333
9,1.481302817662557,9,0.375
10,1.0405254364013672,1,0.041666666666666664
10,0.9536164999008179,2,0.08333333333333333
10,0.9051351547241211,3,0.125
10,0.916420042514801,4,0.16666666666666666
10,0.9363970279693603,5,0.20833333333333334
10,0.9891289869944254,6,0.25
10,1.0488840171269007,7,0.2916666666666667
10,1.0791757106781006,8,0.3333333333333333
10,1.0947158071729872,9,0.375
10,1.094015073776245,10,0.4166666666666667
10,1.0697085640647195,11,0.4583333333333333
10,1.0509746670722961,12,0.5
10,1.073669616992657,13,0.5416666666666666
10,1.0592221702848161,14,0.5833333333333334
3,0.8415408134460449,1,0.041666666666666664
3,0.7336597442626953,2,0.08333333333333333
3,0.7697208722432455,3,0.125
3,0.8899584412574768,4,0.16666666666666666
3,0.9457396030426025,5,0.20833333333333334
3,0.8985926310221354,6,0.25
3,0.8613970279693604,7,0.2916666666666667
3,0.8553556501865387,8,0.3333333333333333
3,0.8341912163628472,9,0.375
3,0.8359286546707153,10,0.4166666666666667
3,0.8335979635065253,11,0.4583333333333333
3,0.8148297270139059,12,0.5
4,0.5974929332733154,1,0.041666666666666664
4,0.6213977336883545,2,0.08333333333333333
4,0.6448791821797689,3,0.125
4,0.6980374455451965,4,0.16666666666666666
4,0.7014613628387452,5,0.20833333333333334
4,0.7702763875325521,6,0.25
4,0.7405378137316022,7,0.2916666666666667
4,0.7520634531974792,8,0.3333333333333333
4,0.7931145562065972,9,0.375
4,0.7750060319900512,10,0.4166666666666667
4,0.7756142182783647,11,0.4583333333333333
5,0.9299077987670898,1,0.041666666666666664
5,0.9578156471252441,2,0.08333333333333333
5,0.8348028659820557,3,0.125
5,0.833862841129303,4,0.16666666666666666
5,0.8041357517242431,5,0.20833333333333334
5,0.8266910314559937,6,0.25
5,0.8593332426888602,7,0.2916666666666667
5,0.857085257768631,8,0.3333333333333333
5,0.8801328076256646,9,0.375
5,0.8761443614959716,10,0.4166666666666667
5,0.8868389129638672,11,0.4583333333333333
5,0.8898580074310303,12,0.5
6,0.7656702995300293,1,0.041666666666666664
6,0.698971152305603,2,0.08333333333333333
6,0.7181623776753744,3,0.125
6,0.7935194373130798,4,0.16666666666666666
6,0.7581966876983642,5,0.20833333333333334
6,0.7435917854309082,6,0.25
6,0.7436739036015102,7,0.2916666666666667
6,0.7632009088993073,8,0.3333333333333333
6,0.7728664345211453,9,0.375
6,0.7873403787612915,10,0.4166666666666667
7,1.3361318111419678,1,0.041666666666666664
7,1.3194369077682495,2,0.08333333333333333
7,1.0734647115071614,3,0.125
7,0.9498246908187866,4,0.16666666666666666
7,0.9068217277526855,5,0.20833333333333334
7,0.8556700150171915,6,0.25
7,0.8660864148821149,7,0.2916666666666667
7,0.836274117231369,8,0.3333333333333333
7,0.8089788754781088,9,0.375
7,0.8539688110351562,10,0.4166666666666667
7,0.848932071165605,11,0.4583333333333333
8,0.7517378330230713,1,0.041666666666666664
8,0.8678025007247925,2,0.08333333333333333
8,0.8520589669545492,3,0.125
8,0.8477270007133484,4,0.16666666666666666
8,0.8841559410095214,5,0.20833333333333334
8,0.9109180768330892,6,0.25
8,0.8976918629237584,7,0.2916666666666667
8,0.9325944185256958,8,0.3333333333333333
8,0.9209738042619493,9,0.375
8,0.8961955308914185,10,0.4166666666666667
8,0.9085297801277854,11,0.4583333333333333
8,0.8900204499562582,12,0.5
8,0.9119047384995681,13,0.5416666666666666
9,0.7437191009521484,1,0.041666666666666664
9,0.8292840719223022,2,0.08333333333333333
9,0.7475435733795166,3,0.125
9,0.7804684638977051,4,0.16666666666666666
9,0.7965808868408203,5,0.20833333333333334
9,0.8055934111277262,6,0.25
9,0.7800438744681222,7,0.2916666666666667
9,0.7646606266498566,8,0.3333333333333333
9,0.7743755711449517,9,0.375
9,0.8144222497940063,10,0.4166666666666667
9,0.8035686449571089,11,0.4583333333333333
9,0.8076708118120829,12,0.5
10,0.7261571884155273,1,0.041666666666666664
10,0.7191445827484131,2,0.08333333333333333
10,0.6763841311136881,3,0.125
10,0.7577847242355347,4,0.16666666666666666
10,0.7460129261016846,5,0.20833333333333334
10,0.767790158589681,6,0.25
10,0.7942703451429095,7,0.2916666666666667
10,0.7870595157146454,8,0.3333333333333333
10,0.7954612043168809,9,0.375
10,0.7868850231170654,10,0.4166666666666667
10,0.771283128044822,11,0.4583333333333333
10,0.7565260926882426,12,0.5
3,1.002537488937378,1,0.041666666666666664
3,0.8849416971206665,2,0.08333333333333333
3,0.8628132343292236,3,0.125
3,0.9585720300674438,4,0.16666666666666666
3,0.9255527496337891,5,0.20833333333333334
3,0.9037437836329142,6,0.25
3,0.9260314873286656,7,0.2916666666666667
3,0.9191150367259979,8,0.3333333333333333
3,0.9065663814544678,9,0.375
3,0.9235923528671265,10,0.4166666666666667
3,0.9553721167824485,11,0.4583333333333333
4,0.9810066223144531,1,0.041666666666666664
4,0.8071112632751465,2,0.08333333333333333
4,0.841935952504476,3,0.125
4,0.8569391369819641,4,0.16666666666666666
4,0.8453004837036133,5,0.20833333333333334
4,0.8991931676864624,6,0.25
4,0.9442822592599052,7,0.2916666666666667
4,0.9483160078525543,8,0.3333333333333333
4,0.96274733543396,9,0.375
4,0.9629712104797363,10,0.4166666666666667
4,0.941155260259455,11,0.4583333333333333
4,0.961798369884491,12,0.5
5,0.8019144535064697,1,0.041666666666666664
5,0.7648323774337769,2,0.08333333333333333
5,0.7613177299499512,3,0.125
5,0.7769495248794556,4,0.16666666666666666
5,0.8344460487365722,5,0.20833333333333334
5,0.8040655851364136,6,0.25
5,0.8092202799660819,7,0.2916666666666667
5,0.8091899752616882,8,0.3333333333333333
5,0.8037364217970107,9,0.375
5,0.801653265953064,10,0.4166666666666667
5,0.8241693756797097,11,0.4583333333333333
5,0.8206186493237814,12,0.5
5,0.8096436170431284,13,0.5416666666666666
5,0.8073805570602417,14,0.5833333333333334
6,1.0047481060028076,1,0.041666666666666664
6,1.0356018543243408,2,0.08333333333333333
6,1.0108732382456462,3,0.125
6,1.0354979634284973,4,0.16666666666666666
6,1.0288163661956786,5,0.20833333333333334
6,0.9835628668467203,6,0.25
6,0.9541301727294922,7,0.2916666666666667
6,0.9349374771118164,8,0.3333333333333333
6,0.9382009241316054,9,0.375
6,0.9498438596725464,10,0.4166666666666667
6,0.945172288201072,11,0.4583333333333333
7,0.7777488231658936,1,0.041666666666666664
7,0.8299674987792969,2,0.08333333333333333
7,0.8360676765441895,3,0.125
7,0.8373010158538818,4,0.16666666666666666
7,0.8006003379821778,5,0.20833333333333334
7,0.8323207298914591,6,0.25
7,0.8561023303440639,7,0.2916666666666667
7,0.855831652879715,8,0.3333333333333333
7,0.856819126341078,9,0.375
7,0.8357033967971802,10,0.4166666666666667
7,0.8150893341411244,11,0.4583333333333333
7,0.8175875345865885,12,0.5
8,1.160127878189087,1,0.041666666666666664
8,0.8948068618774414,2,0.08333333333333333
8,0.8365930716196696,3,0.125
8,0.8251907229423523,4,0.16666666666666666
8,0.8130823135375976,5,0.20833333333333334
8,0.8073318799336752,6,0.25
8,0.8261376789637974,7,0.2916666666666667
8,0.8313454985618591,8,0.3333333333333333
8,0.8360678354899088,9,0.375
8,0.8406256914138794,10,0.4166666666666667
8,0.8352803100239147,11,0.4583333333333333
8,0.8326468269030253,12,0.5
9,1.096123456954956,1,0.041666666666666664
9,0.9948376417160034,2,0.08333333333333333
9,0.941300630569458,3,0.125
9,0.922557532787323,4,0.16666666666666666
9,0.9972325325012207,5,0.20833333333333334
9,0.9651294151941935,6,0.25
9,0.9452834810529437,7,0.2916666666666667
9,0.9302457571029663,8,0.3333333333333333
9,0.94125321176317,9,0.375
9,0.9365041255950928,10,0.4166666666666667
9,0.9260813756422563,11,0.4583333333333333
10,1.186741590499878,1,0.041666666666666664
10,1.0763658285140991,2,0.08333333333333333
10,1.0522705713907878,3,0.125
10,1.0364136695861816,4,0.16666666666666666
10,1.0616988658905029,5,0.20833333333333334
10,1.0120492378870647,6,0.25
10,0.9723518916538784,7,0.2916666666666667
10,0.9518573582172394,8,0.3333333333333333
10,0.9351360268063016,9,0.375
10,0.9279895544052124,10,0.4166666666666667
10,0.908371318470348,11,0.4583333333333333
10,0.8932124972343445,12,0.5
3,2.394238233566284,1,0.125
3,2.7655874490737915,2,0.25
3,2.540290196736654,3,0.375
3,2.6940648555755615,4,0.5
4,3.1728739738464355,1,0.125
4,3.228721857070923,2,0.25
4,3.1303323109944663,3,0.375
4,3.014504075050354,4,0.5
4,2.9781978130340576,5,0.625
5,2.627760887145996,1,0.125
5,2.9601054191589355,2,0.25
6,3.9013779163360596,1,0.125
6,3.2599849700927734,2,0.25
6,2.901941696802775,3,0.375
6,3.155330777168274,4,0.5
7,3.085005283355713,1,0.125
7,3.0391993522644043,2,0.25
7,3.000702699025472,3,0.375
7,2.9996798038482666,4,0.5
7,3.0464854717254637,5,0.625
8,2.346630334854126,1,0.125
8,3.068354368209839,2,0.25
8,2.620153268178304,3,0.375
8,2.8771015405654907,4,0.5
9,1.816100835800171,1,0.125
9,1.9628227949142456,2,0.25
9,2.2541481653849282,3,0.375
9,2.423819899559021,4,0.5
10,2.975090503692627,1,0.125
10,2.981229782104492,2,0.25
10,3.0145626068115234,3,0.375
3,2.188405990600586,1,0.125
3,1.9680628776550293,2,0.25
3,2.2795384724934897,3,0.375
3,2.4440945982933044,4,0.5
4,1.7926232814788818,1,0.125
4,1.983083963394165,2,0.25
4,2.297011216481527,3,0.375
4,2.399893879890442,4,0.5
4,2.274527168273926,5,0.625
5,2.9455437660217285,1,0.125
5,2.3319907188415527,2,0.25
5,2.1450912952423096,3,0.375
5,2.132225453853607,4,0.5
5,2.2724626541137694,5,0.625
6,2.5694735050201416,1,0.125
6,2.859132409095764,2,0.25
6,2.9559460481007895,3,0.375
6,2.6640981435775757,4,0.5
7,4.031374454498291,1,0.125
7,3.330886483192444,2,0.25
7,3.605185588200887,3,0.375
7,3.1622377038002014,4,0.5
8,2.1006319522857666,1,0.125
8,2.3710416555404663,2,0.25
8,2.739129145940145,3,0.375
8,2.555364489555359,4,0.5
9,2.99223256111145,1,0.125
9,2.8583757877349854,2,0.25
9,2.8728925387064614,3,0.375
9,2.674057185649872,4,0.5
9,2.749598741531372,5,0.625
10,3.077755928039551,1,0.125
10,2.661679744720459,2,0.25
10,2.9089536666870117,3,0.375
10,3.055863082408905,4,0.5
